
./build/kernel.elf:     file format elf32-littlearm


Disassembly of section .text:

08000000 <vector_table>:
 8000000:	20020000 			@ <UNDEFINED> instruction: 20020000
 8000004:	080000dc 			@ <UNDEFINED> instruction: 080000dc

08000008 <gpio_setup>:
 8000008:	f500 1080 	add.w	r0, r0, #1048576	@ 0x100000
 800000c:	3080      	adds	r0, #128	@ 0x80
 800000e:	0280      	lsls	r0, r0, #10
 8000010:	0049      	lsls	r1, r1, #1
 8000012:	6803      	ldr	r3, [r0, #0]
 8000014:	f04f 0c03 	mov.w	ip, #3
 8000018:	fa0c fc01 	lsl.w	ip, ip, r1
 800001c:	ea23 030c 	bic.w	r3, r3, ip
 8000020:	408a      	lsls	r2, r1
 8000022:	431a      	orrs	r2, r3
 8000024:	6002      	str	r2, [r0, #0]
 8000026:	4770      	bx	lr

08000028 <gpio_write>:
 8000028:	4b05      	ldr	r3, [pc, #20]	@ (8000040 <gpio_write+0x18>)
 800002a:	0280      	lsls	r0, r0, #10
 800002c:	f850 c003 	ldr.w	ip, [r0, r3]
 8000030:	b902      	cbnz	r2, 8000034 <gpio_write+0xc>
 8000032:	3110      	adds	r1, #16
 8000034:	2201      	movs	r2, #1
 8000036:	408a      	lsls	r2, r1
 8000038:	ea42 020c 	orr.w	r2, r2, ip
 800003c:	50c2      	str	r2, [r0, r3]
 800003e:	4770      	bx	lr
 8000040:	40020018 			@ <UNDEFINED> instruction: 40020018

08000044 <reg_setup>:
 8000044:	4b03      	ldr	r3, [pc, #12]	@ (8000054 <reg_setup+0x10>)
 8000046:	681b      	ldr	r3, [r3, #0]
 8000048:	785a      	ldrb	r2, [r3, #1]
 800004a:	2101      	movs	r1, #1
 800004c:	f361 0283 	bfi	r2, r1, #2, #2
 8000050:	705a      	strb	r2, [r3, #1]
 8000052:	4770      	bx	lr
 8000054:	20000000 			@ <UNDEFINED> instruction: 20000000

08000058 <reg_setup2>:
 8000058:	4a03      	ldr	r2, [pc, #12]	@ (8000068 <reg_setup2+0x10>)
 800005a:	6813      	ldr	r3, [r2, #0]
 800005c:	f423 6340 	bic.w	r3, r3, #3072	@ 0xc00
 8000060:	f443 6380 	orr.w	r3, r3, #1024	@ 0x400
 8000064:	6013      	str	r3, [r2, #0]
 8000066:	4770      	bx	lr
 8000068:	40020000 			@ <UNDEFINED> instruction: 40020000

0800006c <setLD2>:
 800006c:	4b06      	ldr	r3, [pc, #24]	@ (8000088 <setLD2+0x1c>)
 800006e:	681b      	ldr	r3, [r3, #0]
 8000070:	b120      	cbz	r0, 800007c <setLD2+0x10>
 8000072:	7e1a      	ldrb	r2, [r3, #24]
 8000074:	f042 0220 	orr.w	r2, r2, #32
 8000078:	761a      	strb	r2, [r3, #24]
 800007a:	4770      	bx	lr
 800007c:	7e9a      	ldrb	r2, [r3, #26]
 800007e:	f042 0220 	orr.w	r2, r2, #32
 8000082:	769a      	strb	r2, [r3, #26]
 8000084:	4770      	bx	lr
 8000086:	bf00      	nop
 8000088:	20000000 			@ <UNDEFINED> instruction: 20000000

0800008c <main>:
 800008c:	4811      	ldr	r0, [pc, #68]	@ (80000d4 <main+0x48>)
 800008e:	b508      	push	{r3, lr}
 8000090:	f8d0 3830 	ldr.w	r3, [r0, #2096]	@ 0x830
 8000094:	2201      	movs	r2, #1
 8000096:	4313      	orrs	r3, r2
 8000098:	2105      	movs	r1, #5
 800009a:	f8c0 3830 	str.w	r3, [r0, #2096]	@ 0x830
 800009e:	2000      	movs	r0, #0
 80000a0:	f7ff ffb2 	bl	8000008 <gpio_setup>
 80000a4:	2201      	movs	r2, #1
 80000a6:	2105      	movs	r1, #5
 80000a8:	2000      	movs	r0, #0
 80000aa:	f7ff ffbd 	bl	8000028 <gpio_write>
 80000ae:	2201      	movs	r2, #1
 80000b0:	2105      	movs	r1, #5
 80000b2:	2000      	movs	r0, #0
 80000b4:	f7ff ffb8 	bl	8000028 <gpio_write>
 80000b8:	4a07      	ldr	r2, [pc, #28]	@ (80000d8 <main+0x4c>)
 80000ba:	bf00      	nop
 80000bc:	3a01      	subs	r2, #1
 80000be:	d1fc      	bne.n	80000ba <main+0x2e>
 80000c0:	bf00      	nop
 80000c2:	2105      	movs	r1, #5
 80000c4:	4610      	mov	r0, r2
 80000c6:	f7ff ffaf 	bl	8000028 <gpio_write>
 80000ca:	4b03      	ldr	r3, [pc, #12]	@ (80000d8 <main+0x4c>)
 80000cc:	bf00      	nop
 80000ce:	3b01      	subs	r3, #1
 80000d0:	d1fc      	bne.n	80000cc <main+0x40>
 80000d2:	e7ec      	b.n	80000ae <main+0x22>
 80000d4:	40023000 			@ <UNDEFINED> instruction: 40023000
 80000d8:	000f4240 			@ <UNDEFINED> instruction: 000f4240

080000dc <reset_handler>:
 80000dc:	f7ff ffd6 	bl	800008c <main>

080000e0 <hang>:
 80000e0:	e7fe      	b.n	80000e0 <hang>

Disassembly of section .data:

20000000 <gpio>:
20000000:	40020000 			@ <UNDEFINED> instruction: 40020000
20000004:	40020400 			@ <UNDEFINED> instruction: 40020400
20000008:	40020800 			@ <UNDEFINED> instruction: 40020800
2000000c:	40020c00 			@ <UNDEFINED> instruction: 40020c00
20000010:	40021000 			@ <UNDEFINED> instruction: 40021000
20000014:	40021400 			@ <UNDEFINED> instruction: 40021400
20000018:	40021800 			@ <UNDEFINED> instruction: 40021800

Disassembly of section .debug_info:

00000000 <.debug_info>:
       0:	00000d3f 			@ <UNDEFINED> instruction: 00000d3f
       4:	04010005 			@ <UNDEFINED> instruction: 04010005
       8:	00000000 			@ <UNDEFINED> instruction: 00000000
       c:	00005715 			@ <UNDEFINED> instruction: 00005715
      10:	47031d00 			@ <UNDEFINED> instruction: 47031d00
      14:	1c000316 			@ <UNDEFINED> instruction: 1c000316
      18:	c5000005 			@ <UNDEFINED> instruction: c5000005
      1c:	08000003 			@ <UNDEFINED> instruction: 08000003
      20:	84080000 			@ <UNDEFINED> instruction: 84080000
      24:	00000000 			@ <UNDEFINED> instruction: 00000000
      28:	04000000 			@ <UNDEFINED> instruction: 04000000
      2c:	01640708 			@ <UNDEFINED> instruction: 01640708
      30:	01040000 			@ <UNDEFINED> instruction: 01040000
      34:	00070108 			@ <UNDEFINED> instruction: 00070108
      38:	07040400 			@ <UNDEFINED> instruction: 07040400
      3c:	0000016e 			@ <UNDEFINED> instruction: 0000016e
      40:	69050416 			@ <UNDEFINED> instruction: 69050416
      44:	0400746e 			@ <UNDEFINED> instruction: 0400746e
      48:	01d80508 			@ <UNDEFINED> instruction: 01d80508
      4c:	08040000 			@ <UNDEFINED> instruction: 08040000
      50:	00060104 			@ <UNDEFINED> instruction: 00060104
      54:	06010400 			@ <UNDEFINED> instruction: 06010400
      58:	00000703 			@ <UNDEFINED> instruction: 00000703
      5c:	50050204 			@ <UNDEFINED> instruction: 50050204
      60:	04000007 			@ <UNDEFINED> instruction: 04000007
      64:	01dd0504 			@ <UNDEFINED> instruction: 01dd0504
      68:	e1050000 			@ <UNDEFINED> instruction: e1050000
      6c:	02000008 			@ <UNDEFINED> instruction: 02000008
      70:	0032182e 			@ <UNDEFINED> instruction: 0032182e
      74:	02040000 			@ <UNDEFINED> instruction: 02040000
      78:	00049f07 			@ <UNDEFINED> instruction: 00049f07
      7c:	07df0500 			@ <UNDEFINED> instruction: 07df0500
      80:	34020000 			@ <UNDEFINED> instruction: 34020000
      84:	00009319 			@ <UNDEFINED> instruction: 00009319
      88:	007d1000 			@ <UNDEFINED> instruction: 007d1000
      8c:	7d110000 			@ <UNDEFINED> instruction: 7d110000
      90:	04000000 			@ <UNDEFINED> instruction: 04000000
      94:	01690704 			@ <UNDEFINED> instruction: 01690704
      98:	ae030000 			@ <UNDEFINED> instruction: ae030000
      9c:	03000006 	movweq	r0, #6
      a0:	00891706 			@ <UNDEFINED> instruction: 00891706
      a4:	00000000 			@ <UNDEFINED> instruction: 00000000
      a8:	85174002 			@ <UNDEFINED> instruction: 85174002
      ac:	03000003 	movweq	r0, #3
      b0:	00891708 			@ <UNDEFINED> instruction: 00891708
      b4:	04000000 			@ <UNDEFINED> instruction: 04000000
      b8:	00069303 			@ <UNDEFINED> instruction: 00069303
      bc:	170a0300 			@ <UNDEFINED> instruction: 170a0300
      c0:	00000089 			@ <UNDEFINED> instruction: 00000089
      c4:	40020000 			@ <UNDEFINED> instruction: 40020000
      c8:	0007a903 			@ <UNDEFINED> instruction: 0007a903
      cc:	170b0300 			@ <UNDEFINED> instruction: 170b0300
      d0:	00000089 			@ <UNDEFINED> instruction: 00000089
      d4:	40020400 			@ <UNDEFINED> instruction: 40020400
      d8:	0001e603 			@ <UNDEFINED> instruction: 0001e603
      dc:	170c0300 			@ <UNDEFINED> instruction: 170c0300
      e0:	00000089 			@ <UNDEFINED> instruction: 00000089
      e4:	40020800 			@ <UNDEFINED> instruction: 40020800
      e8:	00034903 			@ <UNDEFINED> instruction: 00034903
      ec:	170d0300 			@ <UNDEFINED> instruction: 170d0300
      f0:	00000089 			@ <UNDEFINED> instruction: 00000089
      f4:	40020c00 			@ <UNDEFINED> instruction: 40020c00
      f8:	0004b203 			@ <UNDEFINED> instruction: 0004b203
      fc:	170e0300 			@ <UNDEFINED> instruction: 170e0300
     100:	00000089 			@ <UNDEFINED> instruction: 00000089
     104:	40021000 			@ <UNDEFINED> instruction: 40021000
     108:	00087003 			@ <UNDEFINED> instruction: 00087003
     10c:	170f0300 			@ <UNDEFINED> instruction: 170f0300
     110:	00000089 			@ <UNDEFINED> instruction: 00000089
     114:	40021400 			@ <UNDEFINED> instruction: 40021400
     118:	00094903 			@ <UNDEFINED> instruction: 00094903
     11c:	17100300 			@ <UNDEFINED> instruction: 17100300
     120:	00000089 			@ <UNDEFINED> instruction: 00000089
     124:	40021800 			@ <UNDEFINED> instruction: 40021800
     128:	0002a508 			@ <UNDEFINED> instruction: 0002a508
     12c:	00891300 			@ <UNDEFINED> instruction: 00891300
     130:	06000000 			@ <UNDEFINED> instruction: 06000000
     134:	00000978 			@ <UNDEFINED> instruction: 00000978
     138:	00000032 			@ <UNDEFINED> instruction: 00000032
     13c:	00015a14 			@ <UNDEFINED> instruction: 00015a14
     140:	048a0200 			@ <UNDEFINED> instruction: 048a0200
     144:	02000000 			@ <UNDEFINED> instruction: 02000000
     148:	000008e9 			@ <UNDEFINED> instruction: 000008e9
     14c:	07710201 			@ <UNDEFINED> instruction: 07710201
     150:	02020000 			@ <UNDEFINED> instruction: 02020000
     154:	000007ba 			@ <UNDEFINED> instruction: 000007ba
     158:	04070003 			@ <UNDEFINED> instruction: 04070003
     15c:	0002321b 			@ <UNDEFINED> instruction: 0002321b
     160:	07d50100 			@ <UNDEFINED> instruction: 07d50100
     164:	161d0000 			@ <UNDEFINED> instruction: 161d0000
     168:	00000133 			@ <UNDEFINED> instruction: 00000133
     16c:	da010002 			@ <UNDEFINED> instruction: da010002
     170:	1e000007 			@ <UNDEFINED> instruction: 1e000007
     174:	00013316 			@ <UNDEFINED> instruction: 00013316
     178:	01020200 			@ <UNDEFINED> instruction: 01020200
     17c:	000000e7 			@ <UNDEFINED> instruction: 000000e7
     180:	0133161f 			@ <UNDEFINED> instruction: 0133161f
     184:	04020000 			@ <UNDEFINED> instruction: 04020000
     188:	0007e801 			@ <UNDEFINED> instruction: 0007e801
     18c:	33162000 			@ <UNDEFINED> instruction: 33162000
     190:	02000001 			@ <UNDEFINED> instruction: 02000001
     194:	07ed0106 			@ <UNDEFINED> instruction: 07ed0106
     198:	16210000 			@ <UNDEFINED> instruction: 16210000
     19c:	00000133 			@ <UNDEFINED> instruction: 00000133
     1a0:	f2010802 	vadd.i8	d0, d1, d2
     1a4:	22000007 			@ <UNDEFINED> instruction: 22000007
     1a8:	00013316 			@ <UNDEFINED> instruction: 00013316
     1ac:	010a0200 			@ <UNDEFINED> instruction: 010a0200
     1b0:	000007f7 	strdeq	r0, [r0], -r7
     1b4:	01331623 			@ <UNDEFINED> instruction: 01331623
     1b8:	0c020000 			@ <UNDEFINED> instruction: 0c020000
     1bc:	0007fc01 			@ <UNDEFINED> instruction: 0007fc01
     1c0:	33162400 			@ <UNDEFINED> instruction: 33162400
     1c4:	02000001 			@ <UNDEFINED> instruction: 02000001
     1c8:	0801010e 			@ <UNDEFINED> instruction: 0801010e
     1cc:	16250000 			@ <UNDEFINED> instruction: 16250000
     1d0:	00000133 			@ <UNDEFINED> instruction: 00000133
     1d4:	06011002 			@ <UNDEFINED> instruction: 06011002
     1d8:	26000008 			@ <UNDEFINED> instruction: 26000008
     1dc:	00013316 			@ <UNDEFINED> instruction: 00013316
     1e0:	01120200 			@ <UNDEFINED> instruction: 01120200
     1e4:	0000095a 			@ <UNDEFINED> instruction: 0000095a
     1e8:	01331627 			@ <UNDEFINED> instruction: 01331627
     1ec:	14020000 			@ <UNDEFINED> instruction: 14020000
     1f0:	00096001 			@ <UNDEFINED> instruction: 00096001
     1f4:	33162800 			@ <UNDEFINED> instruction: 33162800
     1f8:	02000001 			@ <UNDEFINED> instruction: 02000001
     1fc:	09660116 			@ <UNDEFINED> instruction: 09660116
     200:	16290000 			@ <UNDEFINED> instruction: 16290000
     204:	00000133 			@ <UNDEFINED> instruction: 00000133
     208:	6c011802 			@ <UNDEFINED> instruction: 6c011802
     20c:	2a000009 			@ <UNDEFINED> instruction: 2a000009
     210:	00013316 			@ <UNDEFINED> instruction: 00013316
     214:	011a0200 			@ <UNDEFINED> instruction: 011a0200
     218:	00000972 			@ <UNDEFINED> instruction: 00000972
     21c:	0133162b 			@ <UNDEFINED> instruction: 0133162b
     220:	1c020000 			@ <UNDEFINED> instruction: 1c020000
     224:	0001a901 			@ <UNDEFINED> instruction: 0001a901
     228:	33162c00 			@ <UNDEFINED> instruction: 33162c00
     22c:	02000001 			@ <UNDEFINED> instruction: 02000001
     230:	cb05001e 			@ <UNDEFINED> instruction: cb05001e
     234:	03000000 	movweq	r0, #0
     238:	015a032e 			@ <UNDEFINED> instruction: 015a032e
     23c:	ff080000 			@ <UNDEFINED> instruction: ff080000
     240:	32000002 			@ <UNDEFINED> instruction: 32000002
     244:	00000089 			@ <UNDEFINED> instruction: 00000089
     248:	02ff0604 			@ <UNDEFINED> instruction: 02ff0604
     24c:	00320000 			@ <UNDEFINED> instruction: 00320000
     250:	64330000 			@ <UNDEFINED> instruction: 64330000
     254:	02000002 			@ <UNDEFINED> instruction: 02000002
     258:	00000421 			@ <UNDEFINED> instruction: 00000421
     25c:	00000200 			@ <UNDEFINED> instruction: 00000200
     260:	00010000 			@ <UNDEFINED> instruction: 00010000
     264:	49380407 			@ <UNDEFINED> instruction: 49380407
     268:	01000003 			@ <UNDEFINED> instruction: 01000003
     26c:	000007d5 	ldrdeq	r0, [r0], -r5
     270:	02491d3a 			@ <UNDEFINED> instruction: 02491d3a
     274:	00010000 			@ <UNDEFINED> instruction: 00010000
     278:	0007da01 			@ <UNDEFINED> instruction: 0007da01
     27c:	491d3b00 			@ <UNDEFINED> instruction: 491d3b00
     280:	01000002 			@ <UNDEFINED> instruction: 01000002
     284:	00e70101 			@ <UNDEFINED> instruction: 00e70101
     288:	1d3c0000 			@ <UNDEFINED> instruction: 1d3c0000
     28c:	00000249 			@ <UNDEFINED> instruction: 00000249
     290:	e8010201 			@ <UNDEFINED> instruction: e8010201
     294:	3d000007 			@ <UNDEFINED> instruction: 3d000007
     298:	0002491d 			@ <UNDEFINED> instruction: 0002491d
     29c:	01030100 			@ <UNDEFINED> instruction: 01030100
     2a0:	000007ed 			@ <UNDEFINED> instruction: 000007ed
     2a4:	02491d3e 			@ <UNDEFINED> instruction: 02491d3e
     2a8:	04010000 			@ <UNDEFINED> instruction: 04010000
     2ac:	0007f201 			@ <UNDEFINED> instruction: 0007f201
     2b0:	491d3f00 			@ <UNDEFINED> instruction: 491d3f00
     2b4:	01000002 			@ <UNDEFINED> instruction: 01000002
     2b8:	07f70105 			@ <UNDEFINED> instruction: 07f70105
     2bc:	1d400000 			@ <UNDEFINED> instruction: 1d400000
     2c0:	00000249 			@ <UNDEFINED> instruction: 00000249
     2c4:	fc010601 	stc2	6, cr0, [r1], {1}
     2c8:	41000007 			@ <UNDEFINED> instruction: 41000007
     2cc:	0002491d 			@ <UNDEFINED> instruction: 0002491d
     2d0:	01070100 			@ <UNDEFINED> instruction: 01070100
     2d4:	00000801 			@ <UNDEFINED> instruction: 00000801
     2d8:	02491d42 			@ <UNDEFINED> instruction: 02491d42
     2dc:	08010000 			@ <UNDEFINED> instruction: 08010000
     2e0:	00080601 			@ <UNDEFINED> instruction: 00080601
     2e4:	491d4300 			@ <UNDEFINED> instruction: 491d4300
     2e8:	01000002 			@ <UNDEFINED> instruction: 01000002
     2ec:	095a0109 			@ <UNDEFINED> instruction: 095a0109
     2f0:	1d440000 			@ <UNDEFINED> instruction: 1d440000
     2f4:	00000249 			@ <UNDEFINED> instruction: 00000249
     2f8:	60010a01 			@ <UNDEFINED> instruction: 60010a01
     2fc:	45000009 			@ <UNDEFINED> instruction: 45000009
     300:	0002491d 			@ <UNDEFINED> instruction: 0002491d
     304:	010b0100 			@ <UNDEFINED> instruction: 010b0100
     308:	00000966 			@ <UNDEFINED> instruction: 00000966
     30c:	02491d46 			@ <UNDEFINED> instruction: 02491d46
     310:	0c010000 			@ <UNDEFINED> instruction: 0c010000
     314:	00096c01 			@ <UNDEFINED> instruction: 00096c01
     318:	491d4700 			@ <UNDEFINED> instruction: 491d4700
     31c:	01000002 			@ <UNDEFINED> instruction: 01000002
     320:	0972010d 			@ <UNDEFINED> instruction: 0972010d
     324:	1d480000 			@ <UNDEFINED> instruction: 1d480000
     328:	00000249 			@ <UNDEFINED> instruction: 00000249
     32c:	a9010e01 			@ <UNDEFINED> instruction: a9010e01
     330:	49000001 			@ <UNDEFINED> instruction: 49000001
     334:	0002491d 			@ <UNDEFINED> instruction: 0002491d
     338:	010f0100 			@ <UNDEFINED> instruction: 010f0100
     33c:	0000039b 			@ <UNDEFINED> instruction: 0000039b
     340:	007d114a 			@ <UNDEFINED> instruction: 007d114a
     344:	10100000 			@ <UNDEFINED> instruction: 10100000
     348:	02cf0500 			@ <UNDEFINED> instruction: 02cf0500
     34c:	4c030000 			@ <UNDEFINED> instruction: 4c030000
     350:	00026403 			@ <UNDEFINED> instruction: 00026403
     354:	09080800 			@ <UNDEFINED> instruction: 09080800
     358:	89500000 			@ <UNDEFINED> instruction: 89500000
     35c:	08000000 			@ <UNDEFINED> instruction: 08000000
     360:	0008c006 			@ <UNDEFINED> instruction: 0008c006
     364:	00003200 			@ <UNDEFINED> instruction: 00003200
     368:	03875100 			@ <UNDEFINED> instruction: 03875100
     36c:	29020000 			@ <UNDEFINED> instruction: 29020000
     370:	00000008 			@ <UNDEFINED> instruction: 00000008
     374:	00089702 			@ <UNDEFINED> instruction: 00089702
     378:	41020100 			@ <UNDEFINED> instruction: 41020100
     37c:	02000004 			@ <UNDEFINED> instruction: 02000004
     380:	00013402 			@ <UNDEFINED> instruction: 00013402
     384:	07000300 			@ <UNDEFINED> instruction: 07000300
     388:	045f5804 			@ <UNDEFINED> instruction: 045f5804
     38c:	d5010000 			@ <UNDEFINED> instruction: d5010000
     390:	5a000007 			@ <UNDEFINED> instruction: 5a000007
     394:	0003601e 			@ <UNDEFINED> instruction: 0003601e
     398:	01000200 			@ <UNDEFINED> instruction: 01000200
     39c:	000007da 	ldrdeq	r0, [r0], -sl
     3a0:	03601e5b 			@ <UNDEFINED> instruction: 03601e5b
     3a4:	02020000 			@ <UNDEFINED> instruction: 02020000
     3a8:	0000e701 			@ <UNDEFINED> instruction: 0000e701
     3ac:	601e5c00 			@ <UNDEFINED> instruction: 601e5c00
     3b0:	02000003 			@ <UNDEFINED> instruction: 02000003
     3b4:	07e80104 			@ <UNDEFINED> instruction: 07e80104
     3b8:	1e5d0000 			@ <UNDEFINED> instruction: 1e5d0000
     3bc:	00000360 			@ <UNDEFINED> instruction: 00000360
     3c0:	ed010602 			@ <UNDEFINED> instruction: ed010602
     3c4:	5e000007 			@ <UNDEFINED> instruction: 5e000007
     3c8:	0003601e 			@ <UNDEFINED> instruction: 0003601e
     3cc:	01080200 			@ <UNDEFINED> instruction: 01080200
     3d0:	000007f2 	strdeq	r0, [r0], -r2
     3d4:	03601e5f 			@ <UNDEFINED> instruction: 03601e5f
     3d8:	0a020000 			@ <UNDEFINED> instruction: 0a020000
     3dc:	0007f701 			@ <UNDEFINED> instruction: 0007f701
     3e0:	601e6000 			@ <UNDEFINED> instruction: 601e6000
     3e4:	02000003 			@ <UNDEFINED> instruction: 02000003
     3e8:	07fc010c 			@ <UNDEFINED> instruction: 07fc010c
     3ec:	1e610000 			@ <UNDEFINED> instruction: 1e610000
     3f0:	00000360 			@ <UNDEFINED> instruction: 00000360
     3f4:	01010e02 			@ <UNDEFINED> instruction: 01010e02
     3f8:	62000008 			@ <UNDEFINED> instruction: 62000008
     3fc:	0003601e 			@ <UNDEFINED> instruction: 0003601e
     400:	01100200 			@ <UNDEFINED> instruction: 01100200
     404:	00000806 			@ <UNDEFINED> instruction: 00000806
     408:	03601e63 			@ <UNDEFINED> instruction: 03601e63
     40c:	12020000 			@ <UNDEFINED> instruction: 12020000
     410:	00095a01 			@ <UNDEFINED> instruction: 00095a01
     414:	601e6400 			@ <UNDEFINED> instruction: 601e6400
     418:	02000003 			@ <UNDEFINED> instruction: 02000003
     41c:	09600114 			@ <UNDEFINED> instruction: 09600114
     420:	1e650000 			@ <UNDEFINED> instruction: 1e650000
     424:	00000360 			@ <UNDEFINED> instruction: 00000360
     428:	66011602 			@ <UNDEFINED> instruction: 66011602
     42c:	66000009 			@ <UNDEFINED> instruction: 66000009
     430:	0003601e 			@ <UNDEFINED> instruction: 0003601e
     434:	01180200 			@ <UNDEFINED> instruction: 01180200
     438:	0000096c 			@ <UNDEFINED> instruction: 0000096c
     43c:	03601e67 			@ <UNDEFINED> instruction: 03601e67
     440:	1a020000 			@ <UNDEFINED> instruction: 1a020000
     444:	00097201 			@ <UNDEFINED> instruction: 00097201
     448:	601e6800 			@ <UNDEFINED> instruction: 601e6800
     44c:	02000003 			@ <UNDEFINED> instruction: 02000003
     450:	01a9011c 			@ <UNDEFINED> instruction: 01a9011c
     454:	1e690000 			@ <UNDEFINED> instruction: 1e690000
     458:	00000360 			@ <UNDEFINED> instruction: 00000360
     45c:	05001e02 			@ <UNDEFINED> instruction: 05001e02
     460:	00000106 			@ <UNDEFINED> instruction: 00000106
     464:	87036b03 			@ <UNDEFINED> instruction: 87036b03
     468:	08000003 			@ <UNDEFINED> instruction: 08000003
     46c:	00000282 			@ <UNDEFINED> instruction: 00000282
     470:	0000896f 			@ <UNDEFINED> instruction: 0000896f
     474:	3e060c00 			@ <UNDEFINED> instruction: 3e060c00
     478:	32000005 			@ <UNDEFINED> instruction: 32000005
     47c:	70000000 			@ <UNDEFINED> instruction: 70000000
     480:	00000497 			@ <UNDEFINED> instruction: 00000497
     484:	0006d002 			@ <UNDEFINED> instruction: 0006d002
     488:	f9020000 			@ <UNDEFINED> instruction: f9020000
     48c:	01000004 			@ <UNDEFINED> instruction: 01000004
     490:	00040802 			@ <UNDEFINED> instruction: 00040802
     494:	07000200 			@ <UNDEFINED> instruction: 07000200
     498:	056f7704 			@ <UNDEFINED> instruction: 056f7704
     49c:	d5010000 			@ <UNDEFINED> instruction: d5010000
     4a0:	79000007 			@ <UNDEFINED> instruction: 79000007
     4a4:	0004761b 			@ <UNDEFINED> instruction: 0004761b
     4a8:	01000200 			@ <UNDEFINED> instruction: 01000200
     4ac:	000007da 	ldrdeq	r0, [r0], -sl
     4b0:	04761b7a 			@ <UNDEFINED> instruction: 04761b7a
     4b4:	02020000 			@ <UNDEFINED> instruction: 02020000
     4b8:	0000e701 			@ <UNDEFINED> instruction: 0000e701
     4bc:	761b7b00 			@ <UNDEFINED> instruction: 761b7b00
     4c0:	02000004 			@ <UNDEFINED> instruction: 02000004
     4c4:	07e80104 			@ <UNDEFINED> instruction: 07e80104
     4c8:	1b7c0000 			@ <UNDEFINED> instruction: 1b7c0000
     4cc:	00000476 			@ <UNDEFINED> instruction: 00000476
     4d0:	ed010602 			@ <UNDEFINED> instruction: ed010602
     4d4:	7d000007 			@ <UNDEFINED> instruction: 7d000007
     4d8:	0004761b 			@ <UNDEFINED> instruction: 0004761b
     4dc:	01080200 			@ <UNDEFINED> instruction: 01080200
     4e0:	000007f2 	strdeq	r0, [r0], -r2
     4e4:	04761b7e 			@ <UNDEFINED> instruction: 04761b7e
     4e8:	0a020000 			@ <UNDEFINED> instruction: 0a020000
     4ec:	0007f701 			@ <UNDEFINED> instruction: 0007f701
     4f0:	761b7f00 			@ <UNDEFINED> instruction: 761b7f00
     4f4:	02000004 			@ <UNDEFINED> instruction: 02000004
     4f8:	07fc010c 			@ <UNDEFINED> instruction: 07fc010c
     4fc:	1b800000 			@ <UNDEFINED> instruction: 1b800000
     500:	00000476 			@ <UNDEFINED> instruction: 00000476
     504:	01010e02 			@ <UNDEFINED> instruction: 01010e02
     508:	81000008 			@ <UNDEFINED> instruction: 81000008
     50c:	0004761b 			@ <UNDEFINED> instruction: 0004761b
     510:	01100200 			@ <UNDEFINED> instruction: 01100200
     514:	00000806 			@ <UNDEFINED> instruction: 00000806
     518:	04761b82 			@ <UNDEFINED> instruction: 04761b82
     51c:	12020000 			@ <UNDEFINED> instruction: 12020000
     520:	00095a01 			@ <UNDEFINED> instruction: 00095a01
     524:	761b8300 			@ <UNDEFINED> instruction: 761b8300
     528:	02000004 			@ <UNDEFINED> instruction: 02000004
     52c:	09600114 			@ <UNDEFINED> instruction: 09600114
     530:	1b840000 			@ <UNDEFINED> instruction: 1b840000
     534:	00000476 			@ <UNDEFINED> instruction: 00000476
     538:	66011602 			@ <UNDEFINED> instruction: 66011602
     53c:	85000009 			@ <UNDEFINED> instruction: 85000009
     540:	0004761b 			@ <UNDEFINED> instruction: 0004761b
     544:	01180200 			@ <UNDEFINED> instruction: 01180200
     548:	0000096c 			@ <UNDEFINED> instruction: 0000096c
     54c:	04761b86 			@ <UNDEFINED> instruction: 04761b86
     550:	1a020000 			@ <UNDEFINED> instruction: 1a020000
     554:	00097201 			@ <UNDEFINED> instruction: 00097201
     558:	761b8700 			@ <UNDEFINED> instruction: 761b8700
     55c:	02000004 			@ <UNDEFINED> instruction: 02000004
     560:	01a9011c 			@ <UNDEFINED> instruction: 01a9011c
     564:	1b880000 			@ <UNDEFINED> instruction: 1b880000
     568:	00000476 			@ <UNDEFINED> instruction: 00000476
     56c:	05001e02 			@ <UNDEFINED> instruction: 05001e02
     570:	00000933 			@ <UNDEFINED> instruction: 00000933
     574:	97038a03 			@ <UNDEFINED> instruction: 97038a03
     578:	08000004 			@ <UNDEFINED> instruction: 08000004
     57c:	00000630 			@ <UNDEFINED> instruction: 00000630
     580:	0000898e 			@ <UNDEFINED> instruction: 0000898e
     584:	23061000 	movwcs	r1, #24576	@ 0x6000
     588:	32000007 			@ <UNDEFINED> instruction: 32000007
     58c:	8f000000 			@ <UNDEFINED> instruction: 8f000000
     590:	000005a1 			@ <UNDEFINED> instruction: 000005a1
     594:	00052a02 			@ <UNDEFINED> instruction: 00052a02
     598:	1f020000 			@ <UNDEFINED> instruction: 1f020000
     59c:	01000001 			@ <UNDEFINED> instruction: 01000001
     5a0:	94040700 			@ <UNDEFINED> instruction: 94040700
     5a4:	00000686 			@ <UNDEFINED> instruction: 00000686
     5a8:	0007d501 			@ <UNDEFINED> instruction: 0007d501
     5ac:	861c9600 			@ <UNDEFINED> instruction: 861c9600
     5b0:	01000005 			@ <UNDEFINED> instruction: 01000005
     5b4:	07da0100 			@ <UNDEFINED> instruction: 07da0100
     5b8:	1c970000 			@ <UNDEFINED> instruction: 1c970000
     5bc:	00000586 			@ <UNDEFINED> instruction: 00000586
     5c0:	e7010101 			@ <UNDEFINED> instruction: e7010101
     5c4:	98000000 			@ <UNDEFINED> instruction: 98000000
     5c8:	0005861c 			@ <UNDEFINED> instruction: 0005861c
     5cc:	01020100 			@ <UNDEFINED> instruction: 01020100
     5d0:	000007e8 			@ <UNDEFINED> instruction: 000007e8
     5d4:	05861c99 			@ <UNDEFINED> instruction: 05861c99
     5d8:	03010000 	movweq	r0, #4096	@ 0x1000
     5dc:	0007ed01 			@ <UNDEFINED> instruction: 0007ed01
     5e0:	861c9a00 			@ <UNDEFINED> instruction: 861c9a00
     5e4:	01000005 			@ <UNDEFINED> instruction: 01000005
     5e8:	07f20104 			@ <UNDEFINED> instruction: 07f20104
     5ec:	1c9b0000 			@ <UNDEFINED> instruction: 1c9b0000
     5f0:	00000586 			@ <UNDEFINED> instruction: 00000586
     5f4:	f7010501 			@ <UNDEFINED> instruction: f7010501
     5f8:	9c000007 			@ <UNDEFINED> instruction: 9c000007
     5fc:	0005861c 			@ <UNDEFINED> instruction: 0005861c
     600:	01060100 			@ <UNDEFINED> instruction: 01060100
     604:	000007fc 	strdeq	r0, [r0], -ip
     608:	05861c9d 			@ <UNDEFINED> instruction: 05861c9d
     60c:	07010000 			@ <UNDEFINED> instruction: 07010000
     610:	00080101 			@ <UNDEFINED> instruction: 00080101
     614:	861c9e00 			@ <UNDEFINED> instruction: 861c9e00
     618:	01000005 			@ <UNDEFINED> instruction: 01000005
     61c:	08060108 			@ <UNDEFINED> instruction: 08060108
     620:	1c9f0000 			@ <UNDEFINED> instruction: 1c9f0000
     624:	00000586 			@ <UNDEFINED> instruction: 00000586
     628:	5a010901 			@ <UNDEFINED> instruction: 5a010901
     62c:	a0000009 			@ <UNDEFINED> instruction: a0000009
     630:	0005861c 			@ <UNDEFINED> instruction: 0005861c
     634:	010a0100 			@ <UNDEFINED> instruction: 010a0100
     638:	00000960 			@ <UNDEFINED> instruction: 00000960
     63c:	05861ca1 			@ <UNDEFINED> instruction: 05861ca1
     640:	0b010000 			@ <UNDEFINED> instruction: 0b010000
     644:	00096601 			@ <UNDEFINED> instruction: 00096601
     648:	861ca200 			@ <UNDEFINED> instruction: 861ca200
     64c:	01000005 			@ <UNDEFINED> instruction: 01000005
     650:	096c010c 			@ <UNDEFINED> instruction: 096c010c
     654:	1ca30000 			@ <UNDEFINED> instruction: 1ca30000
     658:	00000586 			@ <UNDEFINED> instruction: 00000586
     65c:	72010d01 			@ <UNDEFINED> instruction: 72010d01
     660:	a4000009 			@ <UNDEFINED> instruction: a4000009
     664:	0005861c 			@ <UNDEFINED> instruction: 0005861c
     668:	010e0100 			@ <UNDEFINED> instruction: 010e0100
     66c:	000001a9 			@ <UNDEFINED> instruction: 000001a9
     670:	05861ca5 			@ <UNDEFINED> instruction: 05861ca5
     674:	0f010000 			@ <UNDEFINED> instruction: 0f010000
     678:	00039b01 			@ <UNDEFINED> instruction: 00039b01
     67c:	7d10a600 			@ <UNDEFINED> instruction: 7d10a600
     680:	10000000 			@ <UNDEFINED> instruction: 10000000
     684:	40050010 			@ <UNDEFINED> instruction: 40050010
     688:	03000000 	movweq	r0, #0
     68c:	05a103a8 			@ <UNDEFINED> instruction: 05a103a8
     690:	53080000 	movwpl	r0, #32768	@ 0x8000
     694:	ac000002 			@ <UNDEFINED> instruction: ac000002
     698:	00000089 			@ <UNDEFINED> instruction: 00000089
     69c:	08810614 			@ <UNDEFINED> instruction: 08810614
     6a0:	00320000 			@ <UNDEFINED> instruction: 00320000
     6a4:	b8ad0000 			@ <UNDEFINED> instruction: b8ad0000
     6a8:	02000006 			@ <UNDEFINED> instruction: 02000006
     6ac:	0000065f 			@ <UNDEFINED> instruction: 0000065f
     6b0:	03330200 			@ <UNDEFINED> instruction: 03330200
     6b4:	00010000 			@ <UNDEFINED> instruction: 00010000
     6b8:	9db20407 			@ <UNDEFINED> instruction: 9db20407
     6bc:	01000007 			@ <UNDEFINED> instruction: 01000007
     6c0:	000007d5 	ldrdeq	r0, [r0], -r5
     6c4:	069d1db4 			@ <UNDEFINED> instruction: 069d1db4
     6c8:	00010000 			@ <UNDEFINED> instruction: 00010000
     6cc:	0007da01 			@ <UNDEFINED> instruction: 0007da01
     6d0:	9d1db500 			@ <UNDEFINED> instruction: 9d1db500
     6d4:	01000006 			@ <UNDEFINED> instruction: 01000006
     6d8:	00e70101 			@ <UNDEFINED> instruction: 00e70101
     6dc:	1db60000 			@ <UNDEFINED> instruction: 1db60000
     6e0:	0000069d 			@ <UNDEFINED> instruction: 0000069d
     6e4:	e8010201 			@ <UNDEFINED> instruction: e8010201
     6e8:	b7000007 			@ <UNDEFINED> instruction: b7000007
     6ec:	00069d1d 			@ <UNDEFINED> instruction: 00069d1d
     6f0:	01030100 			@ <UNDEFINED> instruction: 01030100
     6f4:	000007ed 			@ <UNDEFINED> instruction: 000007ed
     6f8:	069d1db8 			@ <UNDEFINED> instruction: 069d1db8
     6fc:	04010000 			@ <UNDEFINED> instruction: 04010000
     700:	0007f201 			@ <UNDEFINED> instruction: 0007f201
     704:	9d1db900 			@ <UNDEFINED> instruction: 9d1db900
     708:	01000006 			@ <UNDEFINED> instruction: 01000006
     70c:	07f70105 			@ <UNDEFINED> instruction: 07f70105
     710:	1dba0000 			@ <UNDEFINED> instruction: 1dba0000
     714:	0000069d 			@ <UNDEFINED> instruction: 0000069d
     718:	fc010601 	stc2	6, cr0, [r1], {1}
     71c:	bb000007 			@ <UNDEFINED> instruction: bb000007
     720:	00069d1d 			@ <UNDEFINED> instruction: 00069d1d
     724:	01070100 			@ <UNDEFINED> instruction: 01070100
     728:	00000801 			@ <UNDEFINED> instruction: 00000801
     72c:	069d1dbc 			@ <UNDEFINED> instruction: 069d1dbc
     730:	08010000 			@ <UNDEFINED> instruction: 08010000
     734:	00080601 			@ <UNDEFINED> instruction: 00080601
     738:	9d1dbd00 			@ <UNDEFINED> instruction: 9d1dbd00
     73c:	01000006 			@ <UNDEFINED> instruction: 01000006
     740:	095a0109 			@ <UNDEFINED> instruction: 095a0109
     744:	1dbe0000 			@ <UNDEFINED> instruction: 1dbe0000
     748:	0000069d 			@ <UNDEFINED> instruction: 0000069d
     74c:	60010a01 			@ <UNDEFINED> instruction: 60010a01
     750:	bf000009 			@ <UNDEFINED> instruction: bf000009
     754:	00069d1d 			@ <UNDEFINED> instruction: 00069d1d
     758:	010b0100 			@ <UNDEFINED> instruction: 010b0100
     75c:	00000966 			@ <UNDEFINED> instruction: 00000966
     760:	069d1dc0 			@ <UNDEFINED> instruction: 069d1dc0
     764:	0c010000 			@ <UNDEFINED> instruction: 0c010000
     768:	00096c01 			@ <UNDEFINED> instruction: 00096c01
     76c:	9d1dc100 			@ <UNDEFINED> instruction: 9d1dc100
     770:	01000006 			@ <UNDEFINED> instruction: 01000006
     774:	0972010d 			@ <UNDEFINED> instruction: 0972010d
     778:	1dc20000 			@ <UNDEFINED> instruction: 1dc20000
     77c:	0000069d 			@ <UNDEFINED> instruction: 0000069d
     780:	a9010e01 			@ <UNDEFINED> instruction: a9010e01
     784:	c3000001 	movwgt	r0, #1
     788:	00069d1d 			@ <UNDEFINED> instruction: 00069d1d
     78c:	010f0100 			@ <UNDEFINED> instruction: 010f0100
     790:	0000039b 			@ <UNDEFINED> instruction: 0000039b
     794:	007d11c4 			@ <UNDEFINED> instruction: 007d11c4
     798:	10100000 			@ <UNDEFINED> instruction: 10100000
     79c:	06e90500 			@ <UNDEFINED> instruction: 06e90500
     7a0:	c6030000 			@ <UNDEFINED> instruction: c6030000
     7a4:	0006b803 			@ <UNDEFINED> instruction: 0006b803
     7a8:	05e20800 			@ <UNDEFINED> instruction: 05e20800
     7ac:	89ca0000 			@ <UNDEFINED> instruction: 89ca0000
     7b0:	18000000 			@ <UNDEFINED> instruction: 18000000
     7b4:	00031506 			@ <UNDEFINED> instruction: 00031506
     7b8:	00003200 			@ <UNDEFINED> instruction: 00003200
     7bc:	07cfcb00 			@ <UNDEFINED> instruction: 07cfcb00
     7c0:	5a020000 			@ <UNDEFINED> instruction: 5a020000
     7c4:	00000003 			@ <UNDEFINED> instruction: 00000003
     7c8:	00047402 			@ <UNDEFINED> instruction: 00047402
     7cc:	06000100 			@ <UNDEFINED> instruction: 06000100
     7d0:	00000195 			@ <UNDEFINED> instruction: 00000195
     7d4:	00000032 			@ <UNDEFINED> instruction: 00000032
     7d8:	0007ead1 	ldrdeq	lr, [r7], -r1
     7dc:	05780200 			@ <UNDEFINED> instruction: 05780200
     7e0:	02000000 			@ <UNDEFINED> instruction: 02000000
     7e4:	00000987 			@ <UNDEFINED> instruction: 00000987
     7e8:	04070001 			@ <UNDEFINED> instruction: 04070001
     7ec:	000992d6 	ldrdeq	r9, [r9], -r6
     7f0:	04c30100 			@ <UNDEFINED> instruction: 04c30100
     7f4:	19d80000 			@ <UNDEFINED> instruction: 19d80000
     7f8:	000007b4 			@ <UNDEFINED> instruction: 000007b4
     7fc:	28010001 			@ <UNDEFINED> instruction: 28010001
     800:	d9000000 			@ <UNDEFINED> instruction: d9000000
     804:	0007b419 			@ <UNDEFINED> instruction: 0007b419
     808:	01010100 			@ <UNDEFINED> instruction: 01010100
     80c:	0000071a 			@ <UNDEFINED> instruction: 0000071a
     810:	07b419da 	sbfxeq	r1, sl, #19, #21
     814:	02010000 			@ <UNDEFINED> instruction: 02010000
     818:	00037601 			@ <UNDEFINED> instruction: 00037601
     81c:	b419db00 			@ <UNDEFINED> instruction: b419db00
     820:	01000007 			@ <UNDEFINED> instruction: 01000007
     824:	08ff0103 			@ <UNDEFINED> instruction: 08ff0103
     828:	19dc0000 			@ <UNDEFINED> instruction: 19dc0000
     82c:	000007b4 			@ <UNDEFINED> instruction: 000007b4
     830:	0d010401 			@ <UNDEFINED> instruction: 0d010401
     834:	dd000006 			@ <UNDEFINED> instruction: dd000006
     838:	0007b419 			@ <UNDEFINED> instruction: 0007b419
     83c:	01050100 			@ <UNDEFINED> instruction: 01050100
     840:	0000023e 			@ <UNDEFINED> instruction: 0000023e
     844:	07b419de 	sbfxeq	r1, lr, #19, #21
     848:	06010000 			@ <UNDEFINED> instruction: 06010000
     84c:	00085801 			@ <UNDEFINED> instruction: 00085801
     850:	b419df00 			@ <UNDEFINED> instruction: b419df00
     854:	01000007 			@ <UNDEFINED> instruction: 01000007
     858:	04f00107 			@ <UNDEFINED> instruction: 04f00107
     85c:	19e00000 			@ <UNDEFINED> instruction: 19e00000
     860:	000007b4 			@ <UNDEFINED> instruction: 000007b4
     864:	ec010801 			@ <UNDEFINED> instruction: ec010801
     868:	e1000000 			@ <UNDEFINED> instruction: e1000000
     86c:	0007b419 			@ <UNDEFINED> instruction: 0007b419
     870:	01090100 			@ <UNDEFINED> instruction: 01090100
     874:	000008d7 	ldrdeq	r0, [r0], -r7
     878:	07b419e2 			@ <UNDEFINED> instruction: 07b419e2
     87c:	0a010000 			@ <UNDEFINED> instruction: 0a010000
     880:	00015001 			@ <UNDEFINED> instruction: 00015001
     884:	b419e300 			@ <UNDEFINED> instruction: b419e300
     888:	01000007 			@ <UNDEFINED> instruction: 01000007
     88c:	0793010b 			@ <UNDEFINED> instruction: 0793010b
     890:	19e40000 			@ <UNDEFINED> instruction: 19e40000
     894:	000007b4 			@ <UNDEFINED> instruction: 000007b4
     898:	78010c01 			@ <UNDEFINED> instruction: 78010c01
     89c:	e5000002 			@ <UNDEFINED> instruction: e5000002
     8a0:	0007b419 			@ <UNDEFINED> instruction: 0007b419
     8a4:	010d0100 			@ <UNDEFINED> instruction: 010d0100
     8a8:	000009b5 			@ <UNDEFINED> instruction: 000009b5
     8ac:	07b419e6 			@ <UNDEFINED> instruction: 07b419e6
     8b0:	0e010000 			@ <UNDEFINED> instruction: 0e010000
     8b4:	00068901 			@ <UNDEFINED> instruction: 00068901
     8b8:	b419e700 			@ <UNDEFINED> instruction: b419e700
     8bc:	01000007 			@ <UNDEFINED> instruction: 01000007
     8c0:	00dc010f 			@ <UNDEFINED> instruction: 00dc010f
     8c4:	1be90000 			@ <UNDEFINED> instruction: 1be90000
     8c8:	000007cf 			@ <UNDEFINED> instruction: 000007cf
     8cc:	54011001 			@ <UNDEFINED> instruction: 54011001
     8d0:	ea000006 			@ <UNDEFINED> instruction: ea000006
     8d4:	0007cf1b 			@ <UNDEFINED> instruction: 0007cf1b
     8d8:	01110100 			@ <UNDEFINED> instruction: 01110100
     8dc:	000009bf 			@ <UNDEFINED> instruction: 000009bf
     8e0:	07cf1beb 			@ <UNDEFINED> instruction: 07cf1beb
     8e4:	12010000 			@ <UNDEFINED> instruction: 12010000
     8e8:	00067e01 			@ <UNDEFINED> instruction: 00067e01
     8ec:	cf1bec00 			@ <UNDEFINED> instruction: cf1bec00
     8f0:	01000007 			@ <UNDEFINED> instruction: 01000007
     8f4:	017b0113 			@ <UNDEFINED> instruction: 017b0113
     8f8:	1bed0000 			@ <UNDEFINED> instruction: 1bed0000
     8fc:	000007cf 			@ <UNDEFINED> instruction: 000007cf
     900:	c5011401 			@ <UNDEFINED> instruction: c5011401
     904:	ee000006 			@ <UNDEFINED> instruction: ee000006
     908:	0007cf1b 			@ <UNDEFINED> instruction: 0007cf1b
     90c:	01150100 			@ <UNDEFINED> instruction: 01150100
     910:	000001af 			@ <UNDEFINED> instruction: 000001af
     914:	07cf1bef 			@ <UNDEFINED> instruction: 07cf1bef
     918:	16010000 			@ <UNDEFINED> instruction: 16010000
     91c:	00070f01 			@ <UNDEFINED> instruction: 00070f01
     920:	cf1bf000 			@ <UNDEFINED> instruction: cf1bf000
     924:	01000007 			@ <UNDEFINED> instruction: 01000007
     928:	02330117 			@ <UNDEFINED> instruction: 02330117
     92c:	1bf10000 			@ <UNDEFINED> instruction: 1bf10000
     930:	000007cf 			@ <UNDEFINED> instruction: 000007cf
     934:	5a011801 			@ <UNDEFINED> instruction: 5a011801
     938:	f2000007 	vhadd.s8	d0, d0, d7
     93c:	0007cf1b 			@ <UNDEFINED> instruction: 0007cf1b
     940:	01190100 			@ <UNDEFINED> instruction: 01190100
     944:	00000738 			@ <UNDEFINED> instruction: 00000738
     948:	07cf1bf3 			@ <UNDEFINED> instruction: 07cf1bf3
     94c:	1a010000 			@ <UNDEFINED> instruction: 1a010000
     950:	00024701 			@ <UNDEFINED> instruction: 00024701
     954:	cf1bf400 			@ <UNDEFINED> instruction: cf1bf400
     958:	01000007 			@ <UNDEFINED> instruction: 01000007
     95c:	0765011b 			@ <UNDEFINED> instruction: 0765011b
     960:	1bf50000 			@ <UNDEFINED> instruction: 1bf50000
     964:	000007cf 			@ <UNDEFINED> instruction: 000007cf
     968:	c3011c01 	movwgt	r1, #7169	@ 0x1c01
     96c:	f6000002 			@ <UNDEFINED> instruction: f6000002
     970:	0007cf1b 			@ <UNDEFINED> instruction: 0007cf1b
     974:	011d0100 			@ <UNDEFINED> instruction: 011d0100
     978:	0000079d 			@ <UNDEFINED> instruction: 0000079d
     97c:	07cf1bf7 			@ <UNDEFINED> instruction: 07cf1bf7
     980:	1e010000 			@ <UNDEFINED> instruction: 1e010000
     984:	00032701 			@ <UNDEFINED> instruction: 00032701
     988:	cf1bf800 			@ <UNDEFINED> instruction: cf1bf800
     98c:	01000007 			@ <UNDEFINED> instruction: 01000007
     990:	1605001f 			@ <UNDEFINED> instruction: 1605001f
     994:	03000006 	movweq	r0, #6
     998:	07ea03fa 			@ <UNDEFINED> instruction: 07ea03fa
     99c:	1c070000 			@ <UNDEFINED> instruction: 1c070000
     9a0:	000a01fd 	strdeq	r0, [sl], -sp
     9a4:	015a1800 			@ <UNDEFINED> instruction: 015a1800
     9a8:	ff030000 			@ <UNDEFINED> instruction: ff030000
     9ac:	00023216 			@ <UNDEFINED> instruction: 00023216
     9b0:	100b0000 			@ <UNDEFINED> instruction: 100b0000
     9b4:	00000005 			@ <UNDEFINED> instruction: 00000005
     9b8:	03491c01 	movteq	r1, #39937	@ 0x9c01
     9bc:	0b040000 			@ <UNDEFINED> instruction: 0b040000
     9c0:	00000844 			@ <UNDEFINED> instruction: 00000844
     9c4:	5f1c0101 			@ <UNDEFINED> instruction: 5f1c0101
     9c8:	08000004 			@ <UNDEFINED> instruction: 08000004
     9cc:	0006a40b 			@ <UNDEFINED> instruction: 0006a40b
     9d0:	1a010200 			@ <UNDEFINED> instruction: 1a010200
     9d4:	0000056f 			@ <UNDEFINED> instruction: 0000056f
     9d8:	04690b0c 			@ <UNDEFINED> instruction: 04690b0c
     9dc:	01030000 			@ <UNDEFINED> instruction: 01030000
     9e0:	0006861b 			@ <UNDEFINED> instruction: 0006861b
     9e4:	440b1000 			@ <UNDEFINED> instruction: 440b1000
     9e8:	04000007 			@ <UNDEFINED> instruction: 04000007
     9ec:	079d1c01 			@ <UNDEFINED> instruction: 079d1c01
     9f0:	0b140000 			@ <UNDEFINED> instruction: 0b140000
     9f4:	000004e2 			@ <UNDEFINED> instruction: 000004e2
     9f8:	921c0105 			@ <UNDEFINED> instruction: 921c0105
     9fc:	18000009 			@ <UNDEFINED> instruction: 18000009
     a00:	03a41900 			@ <UNDEFINED> instruction: 03a41900
     a04:	07030000 			@ <UNDEFINED> instruction: 07030000
     a08:	099e0301 			@ <UNDEFINED> instruction: 099e0301
     a0c:	01110000 			@ <UNDEFINED> instruction: 01110000
     a10:	1a00000a 			@ <UNDEFINED> instruction: 1a00000a
     a14:	00000186 			@ <UNDEFINED> instruction: 00000186
     a18:	0109031c 			@ <UNDEFINED> instruction: 0109031c
     a1c:	000a6808 			@ <UNDEFINED> instruction: 000a6808
     a20:	00610900 			@ <UNDEFINED> instruction: 00610900
     a24:	0a6d010b 			@ <UNDEFINED> instruction: 0a6d010b
     a28:	09000000 			@ <UNDEFINED> instruction: 09000000
     a2c:	010c0062 			@ <UNDEFINED> instruction: 010c0062
     a30:	00000a6d 			@ <UNDEFINED> instruction: 00000a6d
     a34:	00630904 			@ <UNDEFINED> instruction: 00630904
     a38:	0a6d010d 			@ <UNDEFINED> instruction: 0a6d010d
     a3c:	09080000 			@ <UNDEFINED> instruction: 09080000
     a40:	010e0064 			@ <UNDEFINED> instruction: 010e0064
     a44:	00000a6d 			@ <UNDEFINED> instruction: 00000a6d
     a48:	0065090c 			@ <UNDEFINED> instruction: 0065090c
     a4c:	0a6d010f 			@ <UNDEFINED> instruction: 0a6d010f
     a50:	09100000 			@ <UNDEFINED> instruction: 09100000
     a54:	01100066 			@ <UNDEFINED> instruction: 01100066
     a58:	00000a6d 			@ <UNDEFINED> instruction: 00000a6d
     a5c:	00670914 			@ <UNDEFINED> instruction: 00670914
     a60:	0a6d0111 			@ <UNDEFINED> instruction: 0a6d0111
     a64:	00180000 			@ <UNDEFINED> instruction: 00180000
     a68:	000a0e12 			@ <UNDEFINED> instruction: 000a0e12
     a6c:	0a681000 			@ <UNDEFINED> instruction: 0a681000
     a70:	f51b0000 			@ <UNDEFINED> instruction: f51b0000
     a74:	07000000 			@ <UNDEFINED> instruction: 07000000
     a78:	00003201 			@ <UNDEFINED> instruction: 00003201
     a7c:	01140300 			@ <UNDEFINED> instruction: 01140300
     a80:	000ab006 			@ <UNDEFINED> instruction: 000ab006
     a84:	05520200 			@ <UNDEFINED> instruction: 05520200
     a88:	02000000 			@ <UNDEFINED> instruction: 02000000
     a8c:	00000565 			@ <UNDEFINED> instruction: 00000565
     a90:	080b0201 			@ <UNDEFINED> instruction: 080b0201
     a94:	02020000 			@ <UNDEFINED> instruction: 02020000
     a98:	00000596 			@ <UNDEFINED> instruction: 00000596
     a9c:	05a90203 			@ <UNDEFINED> instruction: 05a90203
     aa0:	02040000 			@ <UNDEFINED> instruction: 02040000
     aa4:	000005bc 			@ <UNDEFINED> instruction: 000005bc
     aa8:	05cf0205 			@ <UNDEFINED> instruction: 05cf0205
     aac:	00060000 			@ <UNDEFINED> instruction: 00060000
     ab0:	00092e1c 			@ <UNDEFINED> instruction: 00092e1c
     ab4:	01200300 			@ <UNDEFINED> instruction: 01200300
     ab8:	000a131e 			@ <UNDEFINED> instruction: 000a131e
     abc:	03b60300 			@ <UNDEFINED> instruction: 03b60300
     ac0:	03010000 	movweq	r0, #4096	@ 0x1000
     ac4:	000a6d2a 			@ <UNDEFINED> instruction: 000a6d2a
     ac8:	02000000 			@ <UNDEFINED> instruction: 02000000
     acc:	01ba0340 			@ <UNDEFINED> instruction: 01ba0340
     ad0:	04010000 			@ <UNDEFINED> instruction: 04010000
     ad4:	000a6d2a 			@ <UNDEFINED> instruction: 000a6d2a
     ad8:	02040000 			@ <UNDEFINED> instruction: 02040000
     adc:	01c90340 			@ <UNDEFINED> instruction: 01c90340
     ae0:	05010000 			@ <UNDEFINED> instruction: 05010000
     ae4:	000a6d2a 			@ <UNDEFINED> instruction: 000a6d2a
     ae8:	02080000 			@ <UNDEFINED> instruction: 02080000
     aec:	08610340 			@ <UNDEFINED> instruction: 08610340
     af0:	06010000 			@ <UNDEFINED> instruction: 06010000
     af4:	000a6d2a 			@ <UNDEFINED> instruction: 000a6d2a
     af8:	020c0000 			@ <UNDEFINED> instruction: 020c0000
     afc:	01f70340 			@ <UNDEFINED> instruction: 01f70340
     b00:	07010000 			@ <UNDEFINED> instruction: 07010000
     b04:	000a6d2a 			@ <UNDEFINED> instruction: 000a6d2a
     b08:	02100000 			@ <UNDEFINED> instruction: 02100000
     b0c:	02060340 			@ <UNDEFINED> instruction: 02060340
     b10:	08010000 			@ <UNDEFINED> instruction: 08010000
     b14:	000a6d2a 			@ <UNDEFINED> instruction: 000a6d2a
     b18:	02140000 			@ <UNDEFINED> instruction: 02140000
     b1c:	02150340 			@ <UNDEFINED> instruction: 02150340
     b20:	09010000 			@ <UNDEFINED> instruction: 09010000
     b24:	000a6d2a 			@ <UNDEFINED> instruction: 000a6d2a
     b28:	02180000 			@ <UNDEFINED> instruction: 02180000
     b2c:	0ab01d40 			@ <UNDEFINED> instruction: 0ab01d40
     b30:	0b010000 			@ <UNDEFINED> instruction: 0b010000
     b34:	00030517 			@ <UNDEFINED> instruction: 00030517
     b38:	0e200000 			@ <UNDEFINED> instruction: 0e200000
     b3c:	00000021 			@ <UNDEFINED> instruction: 00000021
     b40:	00006c3f 			@ <UNDEFINED> instruction: 00006c3f
     b44:	00002008 			@ <UNDEFINED> instruction: 00002008
     b48:	5e9c0100 			@ <UNDEFINED> instruction: 5e9c0100
     b4c:	1e00000b 			@ <UNDEFINED> instruction: 1e00000b
     b50:	0000037f 			@ <UNDEFINED> instruction: 0000037f
     b54:	9d283f01 			@ <UNDEFINED> instruction: 9d283f01
     b58:	01000006 			@ <UNDEFINED> instruction: 01000006
     b5c:	1e0e0050 			@ <UNDEFINED> instruction: 1e0e0050
     b60:	3a000008 			@ <UNDEFINED> instruction: 3a000008
     b64:	08000058 			@ <UNDEFINED> instruction: 08000058
     b68:	00000014 			@ <UNDEFINED> instruction: 00000014
     b6c:	0be09c01 			@ <UNDEFINED> instruction: 0be09c01
     b70:	7d1f0000 			@ <UNDEFINED> instruction: 7d1f0000
     b74:	5800000c 			@ <UNDEFINED> instruction: 5800000c
     b78:	02080000 			@ <UNDEFINED> instruction: 02080000
     b7c:	08000058 			@ <UNDEFINED> instruction: 08000058
     b80:	0000000e 			@ <UNDEFINED> instruction: 0000000e
     b84:	0c023c01 			@ <UNDEFINED> instruction: 0c023c01
     b88:	00000c8a 			@ <UNDEFINED> instruction: 00000c8a
     b8c:	0000000e 			@ <UNDEFINED> instruction: 0000000e
     b90:	0000000c 			@ <UNDEFINED> instruction: 0000000c
     b94:	000c940c 			@ <UNDEFINED> instruction: 000c940c
     b98:	00001700 			@ <UNDEFINED> instruction: 00001700
     b9c:	00001500 			@ <UNDEFINED> instruction: 00001500
     ba0:	0ca00c00 			@ <UNDEFINED> instruction: 0ca00c00
     ba4:	00200000 			@ <UNDEFINED> instruction: 00200000
     ba8:	001e0000 			@ <UNDEFINED> instruction: 001e0000
     bac:	aa0a0000 			@ <UNDEFINED> instruction: aa0a0000
     bb0:	2900000c 			@ <UNDEFINED> instruction: 2900000c
     bb4:	27000000 			@ <UNDEFINED> instruction: 27000000
     bb8:	20000000 			@ <UNDEFINED> instruction: 20000000
     bbc:	00000cb5 			@ <UNDEFINED> instruction: 00000cb5
     bc0:	40020000 			@ <UNDEFINED> instruction: 40020000
     bc4:	000cc00a 			@ <UNDEFINED> instruction: 000cc00a
     bc8:	00003600 			@ <UNDEFINED> instruction: 00003600
     bcc:	00003400 			@ <UNDEFINED> instruction: 00003400
     bd0:	0ccb0a00 	vstmiaeq	fp, {s1-s0}
     bd4:	00430000 			@ <UNDEFINED> instruction: 00430000
     bd8:	00410000 			@ <UNDEFINED> instruction: 00410000
     bdc:	00000000 			@ <UNDEFINED> instruction: 00000000
     be0:	00067421 			@ <UNDEFINED> instruction: 00067421
     be4:	06340100 			@ <UNDEFINED> instruction: 06340100
     be8:	08000044 			@ <UNDEFINED> instruction: 08000044
     bec:	00000014 			@ <UNDEFINED> instruction: 00000014
     bf0:	b50e9c01 			@ <UNDEFINED> instruction: b50e9c01
     bf4:	22000008 			@ <UNDEFINED> instruction: 22000008
     bf8:	08000028 			@ <UNDEFINED> instruction: 08000028
     bfc:	0000001c 			@ <UNDEFINED> instruction: 0000001c
     c00:	0c789c01 			@ <UNDEFINED> instruction: 0c789c01
     c04:	51130000 			@ <UNDEFINED> instruction: 51130000
     c08:	27000008 			@ <UNDEFINED> instruction: 27000008
     c0c:	00000a72 			@ <UNDEFINED> instruction: 00000a72
     c10:	0000004d 			@ <UNDEFINED> instruction: 0000004d
     c14:	00000049 			@ <UNDEFINED> instruction: 00000049
     c18:	6e697022 			@ <UNDEFINED> instruction: 6e697022
     c1c:	37220100 			@ <UNDEFINED> instruction: 37220100
     c20:	0000006a 			@ <UNDEFINED> instruction: 0000006a
     c24:	00000065 			@ <UNDEFINED> instruction: 00000065
     c28:	00000061 			@ <UNDEFINED> instruction: 00000061
     c2c:	00037f13 			@ <UNDEFINED> instruction: 00037f13
     c30:	069d5700 			@ <UNDEFINED> instruction: 069d5700
     c34:	007d0000 			@ <UNDEFINED> instruction: 007d0000
     c38:	00790000 			@ <UNDEFINED> instruction: 00790000
     c3c:	5d0f0000 			@ <UNDEFINED> instruction: 5d0f0000
     c40:	24000004 			@ <UNDEFINED> instruction: 24000004
     c44:	00007d0f 			@ <UNDEFINED> instruction: 00007d0f
     c48:	00009300 			@ <UNDEFINED> instruction: 00009300
     c4c:	00009100 			@ <UNDEFINED> instruction: 00009100
     c50:	02e70f00 			@ <UNDEFINED> instruction: 02e70f00
     c54:	0f250000 			@ <UNDEFINED> instruction: 0f250000
     c58:	0000007d 			@ <UNDEFINED> instruction: 0000007d
     c5c:	000000aa 			@ <UNDEFINED> instruction: 000000aa
     c60:	000000a8 			@ <UNDEFINED> instruction: 000000a8
     c64:	0009a10f 			@ <UNDEFINED> instruction: 0009a10f
     c68:	78152600 			@ <UNDEFINED> instruction: 78152600
     c6c:	c300000c 	movwgt	r0, #12
     c70:	c1000000 			@ <UNDEFINED> instruction: c1000000
     c74:	00000000 			@ <UNDEFINED> instruction: 00000000
     c78:	00008e12 			@ <UNDEFINED> instruction: 00008e12
     c7c:	04d72300 			@ <UNDEFINED> instruction: 04d72300
     c80:	15010000 			@ <UNDEFINED> instruction: 15010000
     c84:	0cd70106 			@ <UNDEFINED> instruction: 0cd70106
     c88:	51140000 			@ <UNDEFINED> instruction: 51140000
     c8c:	27000008 			@ <UNDEFINED> instruction: 27000008
     c90:	00000a72 			@ <UNDEFINED> instruction: 00000a72
     c94:	6e697024 			@ <UNDEFINED> instruction: 6e697024
     c98:	37150100 			@ <UNDEFINED> instruction: 37150100
     c9c:	0000006a 			@ <UNDEFINED> instruction: 0000006a
     ca0:	0006a914 			@ <UNDEFINED> instruction: 0006a914
     ca4:	01335000 			@ <UNDEFINED> instruction: 01335000
     ca8:	5d0d0000 			@ <UNDEFINED> instruction: 5d0d0000
     cac:	17000004 			@ <UNDEFINED> instruction: 17000004
     cb0:	00007d0f 			@ <UNDEFINED> instruction: 00007d0f
     cb4:	00310d00 			@ <UNDEFINED> instruction: 00310d00
     cb8:	0f180000 			@ <UNDEFINED> instruction: 0f180000
     cbc:	0000007d 			@ <UNDEFINED> instruction: 0000007d
     cc0:	0004cc0d 			@ <UNDEFINED> instruction: 0004cc0d
     cc4:	78151900 			@ <UNDEFINED> instruction: 78151900
     cc8:	0d00000c 			@ <UNDEFINED> instruction: 0d00000c
     ccc:	00000224 			@ <UNDEFINED> instruction: 00000224
     cd0:	007d0b1b 			@ <UNDEFINED> instruction: 007d0b1b
     cd4:	25000000 			@ <UNDEFINED> instruction: 25000000
     cd8:	00000c7d 			@ <UNDEFINED> instruction: 00000c7d
     cdc:	08000008 			@ <UNDEFINED> instruction: 08000008
     ce0:	00000020 			@ <UNDEFINED> instruction: 00000020
     ce4:	8a0c9c01 			@ <UNDEFINED> instruction: 8a0c9c01
     ce8:	de00000c 			@ <UNDEFINED> instruction: de00000c
     cec:	da000000 			@ <UNDEFINED> instruction: da000000
     cf0:	0c000000 			@ <UNDEFINED> instruction: 0c000000
     cf4:	00000c94 			@ <UNDEFINED> instruction: 00000c94
     cf8:	000000f6 	strdeq	r0, [r0], -r6
     cfc:	000000f2 	strdeq	r0, [r0], -r2
     d00:	000ca00c 			@ <UNDEFINED> instruction: 000ca00c
     d04:	00010e00 			@ <UNDEFINED> instruction: 00010e00
     d08:	00010a00 			@ <UNDEFINED> instruction: 00010a00
     d0c:	0caa0a00 	vstmiaeq	sl!, {s0-s-1}
     d10:	01240000 			@ <UNDEFINED> instruction: 01240000
     d14:	01220000 			@ <UNDEFINED> instruction: 01220000
     d18:	b50a0000 			@ <UNDEFINED> instruction: b50a0000
     d1c:	3b00000c 			@ <UNDEFINED> instruction: 3b00000c
     d20:	39000001 			@ <UNDEFINED> instruction: 39000001
     d24:	0a000001 			@ <UNDEFINED> instruction: 0a000001
     d28:	00000cc0 			@ <UNDEFINED> instruction: 00000cc0
     d2c:	00000152 			@ <UNDEFINED> instruction: 00000152
     d30:	00000150 			@ <UNDEFINED> instruction: 00000150
     d34:	000ccb0a 			@ <UNDEFINED> instruction: 000ccb0a
     d38:	00015c00 			@ <UNDEFINED> instruction: 00015c00
     d3c:	00015800 			@ <UNDEFINED> instruction: 00015800
     d40:	00000000 			@ <UNDEFINED> instruction: 00000000
     d44:	05000004 			@ <UNDEFINED> instruction: 05000004
     d48:	71040100 			@ <UNDEFINED> instruction: 71040100
     d4c:	13000002 	movwne	r0, #2
     d50:	00000057 			@ <UNDEFINED> instruction: 00000057
     d54:	1647031d 			@ <UNDEFINED> instruction: 1647031d
     d58:	0a040003 			@ <UNDEFINED> instruction: 0a040003
     d5c:	03c50000 			@ <UNDEFINED> instruction: 03c50000
     d60:	00240000 			@ <UNDEFINED> instruction: 00240000
     d64:	00000000 			@ <UNDEFINED> instruction: 00000000
     d68:	01440000 			@ <UNDEFINED> instruction: 01440000
     d6c:	04020000 			@ <UNDEFINED> instruction: 04020000
     d70:	0009fe04 			@ <UNDEFINED> instruction: 0009fe04
     d74:	05041400 			@ <UNDEFINED> instruction: 05041400
     d78:	00746e69 			@ <UNDEFINED> instruction: 00746e69
     d7c:	6e070402 			@ <UNDEFINED> instruction: 6e070402
     d80:	02000001 			@ <UNDEFINED> instruction: 02000001
     d84:	01d80508 			@ <UNDEFINED> instruction: 01d80508
     d88:	08020000 			@ <UNDEFINED> instruction: 08020000
     d8c:	00060104 			@ <UNDEFINED> instruction: 00060104
     d90:	06010200 			@ <UNDEFINED> instruction: 06010200
     d94:	00000703 			@ <UNDEFINED> instruction: 00000703
     d98:	50050202 			@ <UNDEFINED> instruction: 50050202
     d9c:	02000007 			@ <UNDEFINED> instruction: 02000007
     da0:	01dd0504 			@ <UNDEFINED> instruction: 01dd0504
     da4:	e10a0000 			@ <UNDEFINED> instruction: e10a0000
     da8:	2e000008 			@ <UNDEFINED> instruction: 2e000008
     dac:	00006e18 			@ <UNDEFINED> instruction: 00006e18
     db0:	08010200 			@ <UNDEFINED> instruction: 08010200
     db4:	00000701 			@ <UNDEFINED> instruction: 00000701
     db8:	9f070202 			@ <UNDEFINED> instruction: 9f070202
     dbc:	0a000004 			@ <UNDEFINED> instruction: 0a000004
     dc0:	000007df 	ldrdeq	r0, [r0], -pc	@ <UNPREDICTABLE>
     dc4:	00911934 			@ <UNDEFINED> instruction: 00911934
     dc8:	7c150000 			@ <UNDEFINED> instruction: 7c150000
     dcc:	16000000 			@ <UNDEFINED> instruction: 16000000
     dd0:	0000007c 			@ <UNDEFINED> instruction: 0000007c
     dd4:	69070402 			@ <UNDEFINED> instruction: 69070402
     dd8:	02000001 			@ <UNDEFINED> instruction: 02000001
     ddc:	01640708 			@ <UNDEFINED> instruction: 01640708
     de0:	ae040000 			@ <UNDEFINED> instruction: ae040000
     de4:	06000006 			@ <UNDEFINED> instruction: 06000006
     de8:	00000087 			@ <UNDEFINED> instruction: 00000087
     dec:	40020000 			@ <UNDEFINED> instruction: 40020000
     df0:	00038517 			@ <UNDEFINED> instruction: 00038517
     df4:	17080300 			@ <UNDEFINED> instruction: 17080300
     df8:	00000087 			@ <UNDEFINED> instruction: 00000087
     dfc:	93040400 	movwls	r0, #17408	@ 0x4400
     e00:	0a000006 			@ <UNDEFINED> instruction: 0a000006
     e04:	00000087 			@ <UNDEFINED> instruction: 00000087
     e08:	40020000 			@ <UNDEFINED> instruction: 40020000
     e0c:	0007a904 			@ <UNDEFINED> instruction: 0007a904
     e10:	00870b00 			@ <UNDEFINED> instruction: 00870b00
     e14:	04000000 			@ <UNDEFINED> instruction: 04000000
     e18:	e6044002 			@ <UNDEFINED> instruction: e6044002
     e1c:	0c000001 			@ <UNDEFINED> instruction: 0c000001
     e20:	00000087 			@ <UNDEFINED> instruction: 00000087
     e24:	40020800 			@ <UNDEFINED> instruction: 40020800
     e28:	00034904 			@ <UNDEFINED> instruction: 00034904
     e2c:	00870d00 			@ <UNDEFINED> instruction: 00870d00
     e30:	0c000000 			@ <UNDEFINED> instruction: 0c000000
     e34:	b2044002 			@ <UNDEFINED> instruction: b2044002
     e38:	0e000004 			@ <UNDEFINED> instruction: 0e000004
     e3c:	00000087 			@ <UNDEFINED> instruction: 00000087
     e40:	40021000 			@ <UNDEFINED> instruction: 40021000
     e44:	00087004 			@ <UNDEFINED> instruction: 00087004
     e48:	00870f00 			@ <UNDEFINED> instruction: 00870f00
     e4c:	14000000 			@ <UNDEFINED> instruction: 14000000
     e50:	49044002 			@ <UNDEFINED> instruction: 49044002
     e54:	10000009 			@ <UNDEFINED> instruction: 10000009
     e58:	00000087 			@ <UNDEFINED> instruction: 00000087
     e5c:	40021800 			@ <UNDEFINED> instruction: 40021800
     e60:	0002a505 			@ <UNDEFINED> instruction: 0002a505
     e64:	00871300 			@ <UNDEFINED> instruction: 00871300
     e68:	0b000000 			@ <UNDEFINED> instruction: 0b000000
     e6c:	00000978 			@ <UNDEFINED> instruction: 00000978
     e70:	0000006e 			@ <UNDEFINED> instruction: 0000006e
     e74:	00014f14 			@ <UNDEFINED> instruction: 00014f14
     e78:	048a0100 			@ <UNDEFINED> instruction: 048a0100
     e7c:	01000000 			@ <UNDEFINED> instruction: 01000000
     e80:	000008e9 			@ <UNDEFINED> instruction: 000008e9
     e84:	07710101 			@ <UNDEFINED> instruction: 07710101
     e88:	01020000 			@ <UNDEFINED> instruction: 01020000
     e8c:	000007ba 			@ <UNDEFINED> instruction: 000007ba
     e90:	ff050003 			@ <UNDEFINED> instruction: ff050003
     e94:	32000002 			@ <UNDEFINED> instruction: 32000002
     e98:	00000087 			@ <UNDEFINED> instruction: 00000087
     e9c:	09080504 			@ <UNDEFINED> instruction: 09080504
     ea0:	87500000 			@ <UNDEFINED> instruction: 87500000
     ea4:	08000000 			@ <UNDEFINED> instruction: 08000000
     ea8:	00028205 			@ <UNDEFINED> instruction: 00028205
     eac:	00876f00 			@ <UNDEFINED> instruction: 00876f00
     eb0:	050c0000 			@ <UNDEFINED> instruction: 050c0000
     eb4:	00000630 			@ <UNDEFINED> instruction: 00000630
     eb8:	0000878e 			@ <UNDEFINED> instruction: 0000878e
     ebc:	53051000 	movwpl	r1, #20480	@ 0x5000
     ec0:	ac000002 			@ <UNDEFINED> instruction: ac000002
     ec4:	00000087 			@ <UNDEFINED> instruction: 00000087
     ec8:	08810b14 			@ <UNDEFINED> instruction: 08810b14
     ecc:	006e0000 			@ <UNDEFINED> instruction: 006e0000
     ed0:	a1ad0000 			@ <UNDEFINED> instruction: a1ad0000
     ed4:	01000001 			@ <UNDEFINED> instruction: 01000001
     ed8:	0000065f 			@ <UNDEFINED> instruction: 0000065f
     edc:	03330100 			@ <UNDEFINED> instruction: 03330100
     ee0:	00010000 			@ <UNDEFINED> instruction: 00010000
     ee4:	0005e205 			@ <UNDEFINED> instruction: 0005e205
     ee8:	0087ca00 			@ <UNDEFINED> instruction: 0087ca00
     eec:	18180000 			@ <UNDEFINED> instruction: 18180000
     ef0:	000000f5 	strdeq	r0, [r0], -r5
     ef4:	006e0107 			@ <UNDEFINED> instruction: 006e0107
     ef8:	14030000 			@ <UNDEFINED> instruction: 14030000
     efc:	01ea0601 			@ <UNDEFINED> instruction: 01ea0601
     f00:	52010000 			@ <UNDEFINED> instruction: 52010000
     f04:	00000005 			@ <UNDEFINED> instruction: 00000005
     f08:	00056501 			@ <UNDEFINED> instruction: 00056501
     f0c:	0b010100 			@ <UNDEFINED> instruction: 0b010100
     f10:	02000008 			@ <UNDEFINED> instruction: 02000008
     f14:	00059601 			@ <UNDEFINED> instruction: 00059601
     f18:	a9010300 			@ <UNDEFINED> instruction: a9010300
     f1c:	04000005 			@ <UNDEFINED> instruction: 04000005
     f20:	0005bc01 			@ <UNDEFINED> instruction: 0005bc01
     f24:	cf010500 			@ <UNDEFINED> instruction: cf010500
     f28:	06000005 			@ <UNDEFINED> instruction: 06000005
     f2c:	0a121900 			@ <UNDEFINED> instruction: 0a121900
     f30:	04010000 			@ <UNDEFINED> instruction: 04010000
     f34:	00008c13 			@ <UNDEFINED> instruction: 00008c13
     f38:	00030500 			@ <UNDEFINED> instruction: 00030500
     f3c:	0c000000 			@ <UNDEFINED> instruction: 0c000000
     f40:	000008b5 			@ <UNDEFINED> instruction: 000008b5
     f44:	02170125 			@ <UNDEFINED> instruction: 02170125
     f48:	ac060000 			@ <UNDEFINED> instruction: ac060000
     f4c:	06000001 			@ <UNDEFINED> instruction: 06000001
     f50:	00000063 			@ <UNDEFINED> instruction: 00000063
     f54:	00018606 			@ <UNDEFINED> instruction: 00018606
     f58:	d70c0000 			@ <UNDEFINED> instruction: d70c0000
     f5c:	23000004 	movwcs	r0, #4
     f60:	00023201 			@ <UNDEFINED> instruction: 00023201
     f64:	01ac0600 			@ <UNDEFINED> instruction: 01ac0600
     f68:	63060000 	movwvs	r0, #24576	@ 0x6000
     f6c:	06000000 			@ <UNDEFINED> instruction: 06000000
     f70:	00000128 			@ <UNDEFINED> instruction: 00000128
     f74:	09f91a00 			@ <UNDEFINED> instruction: 09f91a00
     f78:	22010000 			@ <UNDEFINED> instruction: 22010000
     f7c:	00003205 			@ <UNDEFINED> instruction: 00003205
     f80:	00008c00 			@ <UNDEFINED> instruction: 00008c00
     f84:	00005008 			@ <UNDEFINED> instruction: 00005008
     f88:	459c0100 			@ <UNDEFINED> instruction: 459c0100
     f8c:	0d000003 			@ <UNDEFINED> instruction: 0d000003
     f90:	00000351 			@ <UNDEFINED> instruction: 00000351
     f94:	080000b8 			@ <UNDEFINED> instruction: 080000b8
     f98:	00000c01 			@ <UNDEFINED> instruction: 00000c01
     f9c:	028d3b00 			@ <UNDEFINED> instruction: 028d3b00
     fa0:	5e0e0000 			@ <UNDEFINED> instruction: 5e0e0000
     fa4:	75000003 			@ <UNDEFINED> instruction: 75000003
     fa8:	73000001 	movwvc	r0, #1
     fac:	08000001 			@ <UNDEFINED> instruction: 08000001
     fb0:	0000036a 			@ <UNDEFINED> instruction: 0000036a
     fb4:	00000185 			@ <UNDEFINED> instruction: 00000185
     fb8:	00000183 			@ <UNDEFINED> instruction: 00000183
     fbc:	00037707 			@ <UNDEFINED> instruction: 00037707
     fc0:	0000ba00 			@ <UNDEFINED> instruction: 0000ba00
     fc4:	00ba0108 			@ <UNDEFINED> instruction: 00ba0108
     fc8:	00020800 			@ <UNDEFINED> instruction: 00020800
     fcc:	00110000 			@ <UNDEFINED> instruction: 00110000
     fd0:	00034507 			@ <UNDEFINED> instruction: 00034507
     fd4:	0000c000 			@ <UNDEFINED> instruction: 0000c000
     fd8:	00c00208 			@ <UNDEFINED> instruction: 00c00208
     fdc:	00020800 			@ <UNDEFINED> instruction: 00020800
     fe0:	0d3c0000 			@ <UNDEFINED> instruction: 0d3c0000
     fe4:	00000351 			@ <UNDEFINED> instruction: 00000351
     fe8:	080000ca 			@ <UNDEFINED> instruction: 080000ca
     fec:	00001801 			@ <UNDEFINED> instruction: 00001801
     ff0:	02de3f00 			@ <UNDEFINED> instruction: 02de3f00
     ff4:	5e1b0000 			@ <UNDEFINED> instruction: 5e1b0000
     ff8:	04000003 			@ <UNDEFINED> instruction: 04000003
     ffc:	3f800000 			@ <UNDEFINED> instruction: 3f800000
    1000:	00036a08 			@ <UNDEFINED> instruction: 00036a08
    1004:	00019500 			@ <UNDEFINED> instruction: 00019500
    1008:	00019300 			@ <UNDEFINED> instruction: 00019300
    100c:	03770700 			@ <UNDEFINED> instruction: 03770700
    1010:	00cc0000 			@ <UNDEFINED> instruction: 00cc0000
    1014:	cc010800 			@ <UNDEFINED> instruction: cc010800
    1018:	02080000 			@ <UNDEFINED> instruction: 02080000
    101c:	11000000 			@ <UNDEFINED> instruction: 11000000
    1020:	00a40900 			@ <UNDEFINED> instruction: 00a40900
    1024:	02170800 			@ <UNDEFINED> instruction: 02170800
    1028:	02fb0000 			@ <UNDEFINED> instruction: 02fb0000
    102c:	01030000 			@ <UNDEFINED> instruction: 01030000
    1030:	03300150 			@ <UNDEFINED> instruction: 03300150
    1034:	35015101 			@ <UNDEFINED> instruction: 35015101
    1038:	01520103 			@ <UNDEFINED> instruction: 01520103
    103c:	ae090031 			@ <UNDEFINED> instruction: ae090031
    1040:	fc080000 	stc2	0, cr0, [r8], {-0}
    1044:	18000001 			@ <UNDEFINED> instruction: 18000001
    1048:	03000003 	movweq	r0, #3
    104c:	30015001 			@ <UNDEFINED> instruction: 30015001
    1050:	01510103 			@ <UNDEFINED> instruction: 01510103
    1054:	52010335 			@ <UNDEFINED> instruction: 52010335
    1058:	09003101 			@ <UNDEFINED> instruction: 09003101
    105c:	080000b8 			@ <UNDEFINED> instruction: 080000b8
    1060:	000001fc 	strdeq	r0, [r0], -ip
    1064:	00000335 			@ <UNDEFINED> instruction: 00000335
    1068:	01500103 			@ <UNDEFINED> instruction: 01500103
    106c:	51010330 			@ <UNDEFINED> instruction: 51010330
    1070:	01033501 			@ <UNDEFINED> instruction: 01033501
    1074:	00310152 			@ <UNDEFINED> instruction: 00310152
    1078:	0000ca1c 			@ <UNDEFINED> instruction: 0000ca1c
    107c:	0001fc08 			@ <UNDEFINED> instruction: 0001fc08
    1080:	51010300 			@ <UNDEFINED> instruction: 51010300
    1084:	00003501 			@ <UNDEFINED> instruction: 00003501
    1088:	000a280f 			@ <UNDEFINED> instruction: 000a280f
    108c:	1a0f1d00 			@ <UNDEFINED> instruction: 1a0f1d00
    1090:	1900000a 			@ <UNDEFINED> instruction: 1900000a
    1094:	0009d71d 			@ <UNDEFINED> instruction: 0009d71d
    1098:	060b0100 			@ <UNDEFINED> instruction: 060b0100
    109c:	00037701 			@ <UNDEFINED> instruction: 00037701
    10a0:	09dc1e00 			@ <UNDEFINED> instruction: 09dc1e00
    10a4:	0b010000 			@ <UNDEFINED> instruction: 0b010000
    10a8:	00002b19 			@ <UNDEFINED> instruction: 00002b19
    10ac:	09f21f00 			@ <UNDEFINED> instruction: 09f21f00
    10b0:	0d010000 			@ <UNDEFINED> instruction: 0d010000
    10b4:	00007c0b 			@ <UNDEFINED> instruction: 00007c0b
    10b8:	6e200000 			@ <UNDEFINED> instruction: 6e200000
    10bc:	0100706f 			@ <UNDEFINED> instruction: 0100706f
    10c0:	21031406 			@ <UNDEFINED> instruction: 21031406
    10c4:	00000351 			@ <UNDEFINED> instruction: 00000351
    10c8:	00000000 			@ <UNDEFINED> instruction: 00000000
    10cc:	0000001c 			@ <UNDEFINED> instruction: 0000001c
    10d0:	03d39c01 			@ <UNDEFINED> instruction: 03d39c01
    10d4:	5e0e0000 			@ <UNDEFINED> instruction: 5e0e0000
    10d8:	a7000003 			@ <UNDEFINED> instruction: a7000003
    10dc:	a3000001 	movwge	r0, #1
    10e0:	08000001 			@ <UNDEFINED> instruction: 08000001
    10e4:	0000036a 			@ <UNDEFINED> instruction: 0000036a
    10e8:	000001c2 			@ <UNDEFINED> instruction: 000001c2
    10ec:	000001bc 			@ <UNDEFINED> instruction: 000001bc
    10f0:	00037707 			@ <UNDEFINED> instruction: 00037707
    10f4:	00000000 			@ <UNDEFINED> instruction: 00000000
    10f8:	00000100 			@ <UNDEFINED> instruction: 00000100
    10fc:	00020000 			@ <UNDEFINED> instruction: 00020000
    1100:	10110000 			@ <UNDEFINED> instruction: 10110000
    1104:	00000000 			@ <UNDEFINED> instruction: 00000000
    1108:	000003f1 	strdeq	r0, [r0], -r1
    110c:	00000010 			@ <UNDEFINED> instruction: 00000010
    1110:	0003fa00 			@ <UNDEFINED> instruction: 0003fa00
    1114:	4b110000 			@ <UNDEFINED> instruction: 4b110000
    1118:	00000003 			@ <UNDEFINED> instruction: 00000003
    111c:	02000000 			@ <UNDEFINED> instruction: 02000000
    1120:	01000000 			@ <UNDEFINED> instruction: 01000000
    1124:	0345119c 	movteq	r1, #20892	@ 0x519c
    1128:	00000000 			@ <UNDEFINED> instruction: 00000000
    112c:	00040000 			@ <UNDEFINED> instruction: 00040000
    1130:	9c010000 			@ <UNDEFINED> instruction: 9c010000
    1134:	0009ca12 			@ <UNDEFINED> instruction: 0009ca12
    1138:	0009ca00 			@ <UNDEFINED> instruction: 0009ca00
    113c:	09e41200 			@ <UNDEFINED> instruction: 09e41200
    1140:	09e40000 			@ <UNDEFINED> instruction: 09e40000
    1144:	20000000 			@ <UNDEFINED> instruction: 20000000
    1148:	05000000 			@ <UNDEFINED> instruction: 05000000
    114c:	79040100 			@ <UNDEFINED> instruction: 79040100
    1150:	01000004 			@ <UNDEFINED> instruction: 01000004
    1154:	000002c5 			@ <UNDEFINED> instruction: 000002c5
    1158:	080000dc 			@ <UNDEFINED> instruction: 080000dc
    115c:	000a3406 			@ <UNDEFINED> instruction: 000a3406
    1160:	0003c500 			@ <UNDEFINED> instruction: 0003c500
    1164:	000a4500 			@ <UNDEFINED> instruction: 000a4500
    1168:	Address 0x1168 is out of bounds.


Disassembly of section .debug_abbrev:

00000000 <.debug_abbrev>:
   0:	03000d01 	movweq	r0, #3329	@ 0xd01
   4:	03213a0e 			@ <UNDEFINED> instruction: 03213a0e
   8:	0b390b3b 			@ <UNDEFINED> instruction: 0b390b3b
   c:	0b0d1349 			@ <UNDEFINED> instruction: 0b0d1349
  10:	00000b6b 			@ <UNDEFINED> instruction: 00000b6b
  14:	03002802 	movweq	r2, #2050	@ 0x802
  18:	000b1c0e 			@ <UNDEFINED> instruction: 000b1c0e
  1c:	00340300 			@ <UNDEFINED> instruction: 00340300
  20:	0b3a0e03 			@ <UNDEFINED> instruction: 0b3a0e03
  24:	0b390b3b 			@ <UNDEFINED> instruction: 0b390b3b
  28:	061c1349 			@ <UNDEFINED> instruction: 061c1349
  2c:	24040000 			@ <UNDEFINED> instruction: 24040000
  30:	3e0b0b00 	vmlacc.f64	d0, d11, d0
  34:	000e030b 			@ <UNDEFINED> instruction: 000e030b
  38:	00160500 			@ <UNDEFINED> instruction: 00160500
  3c:	0b3a0e03 			@ <UNDEFINED> instruction: 0b3a0e03
  40:	0b390b3b 			@ <UNDEFINED> instruction: 0b390b3b
  44:	00001349 			@ <UNDEFINED> instruction: 00001349
  48:	03010406 	movweq	r0, #5126	@ 0x1406
  4c:	07213e0e 			@ <UNDEFINED> instruction: 07213e0e
  50:	4901210b 			@ <UNDEFINED> instruction: 4901210b
  54:	03213a13 			@ <UNDEFINED> instruction: 03213a13
  58:	21390b3b 			@ <UNDEFINED> instruction: 21390b3b
  5c:	00130106 			@ <UNDEFINED> instruction: 00130106
  60:	01130700 			@ <UNDEFINED> instruction: 01130700
  64:	213a0b0b 			@ <UNDEFINED> instruction: 213a0b0b
  68:	390b3b03 			@ <UNDEFINED> instruction: 390b3b03
  6c:	13010921 	movwne	r0, #6433	@ 0x1921
  70:	34080000 			@ <UNDEFINED> instruction: 34080000
  74:	3a0e0300 			@ <UNDEFINED> instruction: 3a0e0300
  78:	0b3b0321 			@ <UNDEFINED> instruction: 0b3b0321
  7c:	49172139 			@ <UNDEFINED> instruction: 49172139
  80:	000b1c13 			@ <UNDEFINED> instruction: 000b1c13
  84:	000d0900 			@ <UNDEFINED> instruction: 000d0900
  88:	213a0803 			@ <UNDEFINED> instruction: 213a0803
  8c:	39053b03 			@ <UNDEFINED> instruction: 39053b03
  90:	13492421 	movtne	r2, #37921	@ 0x9421
  94:	00000b38 			@ <UNDEFINED> instruction: 00000b38
  98:	3100340a 			@ <UNDEFINED> instruction: 3100340a
  9c:	b7170213 			@ <UNDEFINED> instruction: b7170213
  a0:	00001742 			@ <UNDEFINED> instruction: 00001742
  a4:	03000d0b 	movweq	r0, #3339	@ 0xd0b
  a8:	03213a0e 			@ <UNDEFINED> instruction: 03213a0e
  ac:	0b39053b 			@ <UNDEFINED> instruction: 0b39053b
  b0:	0b381349 			@ <UNDEFINED> instruction: 0b381349
  b4:	050c0000 			@ <UNDEFINED> instruction: 050c0000
  b8:	02133100 			@ <UNDEFINED> instruction: 02133100
  bc:	1742b717 	smlaldne	fp, r2, r7, r7
  c0:	340d0000 			@ <UNDEFINED> instruction: 340d0000
  c4:	3a0e0300 			@ <UNDEFINED> instruction: 3a0e0300
  c8:	0b3b0121 			@ <UNDEFINED> instruction: 0b3b0121
  cc:	13490b39 	movtne	r0, #39737	@ 0x9b39
  d0:	2e0e0000 			@ <UNDEFINED> instruction: 2e0e0000
  d4:	03193f01 			@ <UNDEFINED> instruction: 03193f01
  d8:	01213a0e 			@ <UNDEFINED> instruction: 01213a0e
  dc:	21390b3b 			@ <UNDEFINED> instruction: 21390b3b
  e0:	11192706 			@ <UNDEFINED> instruction: 11192706
  e4:	40061201 			@ <UNDEFINED> instruction: 40061201
  e8:	01197a18 			@ <UNDEFINED> instruction: 01197a18
  ec:	0f000013 			@ <UNDEFINED> instruction: 0f000013
  f0:	0e030034 			@ <UNDEFINED> instruction: 0e030034
  f4:	3b01213a 			@ <UNDEFINED> instruction: 3b01213a
  f8:	490b390b 			@ <UNDEFINED> instruction: 490b390b
  fc:	b7170213 			@ <UNDEFINED> instruction: b7170213
 100:	00001742 			@ <UNDEFINED> instruction: 00001742
 104:	49002610 			@ <UNDEFINED> instruction: 49002610
 108:	11000013 			@ <UNDEFINED> instruction: 11000013
 10c:	13490035 	movtne	r0, #36917	@ 0x9035
 110:	0f120000 			@ <UNDEFINED> instruction: 0f120000
 114:	04210b00 			@ <UNDEFINED> instruction: 04210b00
 118:	00001349 			@ <UNDEFINED> instruction: 00001349
 11c:	03000513 	movweq	r0, #1299	@ 0x513
 120:	01213a0e 			@ <UNDEFINED> instruction: 01213a0e
 124:	3922213b 			@ <UNDEFINED> instruction: 3922213b
 128:	0213490b 			@ <UNDEFINED> instruction: 0213490b
 12c:	1742b717 	smlaldne	fp, r2, r7, r7
 130:	05140000 			@ <UNDEFINED> instruction: 05140000
 134:	3a0e0300 			@ <UNDEFINED> instruction: 3a0e0300
 138:	213b0121 			@ <UNDEFINED> instruction: 213b0121
 13c:	490b3915 			@ <UNDEFINED> instruction: 490b3915
 140:	15000013 			@ <UNDEFINED> instruction: 15000013
 144:	0e250111 			@ <UNDEFINED> instruction: 0e250111
 148:	01900b13 			@ <UNDEFINED> instruction: 01900b13
 14c:	0601910b 			@ <UNDEFINED> instruction: 0601910b
 150:	0e1b0e03 			@ <UNDEFINED> instruction: 0e1b0e03
 154:	06120111 			@ <UNDEFINED> instruction: 06120111
 158:	00001710 			@ <UNDEFINED> instruction: 00001710
 15c:	0b002416 			@ <UNDEFINED> instruction: 0b002416
 160:	030b3e0b 	movweq	r3, #48651	@ 0xbe0b
 164:	17000008 			@ <UNDEFINED> instruction: 17000008
 168:	0e030034 			@ <UNDEFINED> instruction: 0e030034
 16c:	0b3b0b3a 			@ <UNDEFINED> instruction: 0b3b0b3a
 170:	13490b39 	movtne	r0, #39737	@ 0x9b39
 174:	0000051c 			@ <UNDEFINED> instruction: 0000051c
 178:	03000d18 	movweq	r0, #3352	@ 0xd18
 17c:	3b0b3a0e 			@ <UNDEFINED> instruction: 3b0b3a0e
 180:	490b390b 			@ <UNDEFINED> instruction: 490b390b
 184:	000b3813 			@ <UNDEFINED> instruction: 000b3813
 188:	00161900 			@ <UNDEFINED> instruction: 00161900
 18c:	0b3a0e03 			@ <UNDEFINED> instruction: 0b3a0e03
 190:	0b39053b 			@ <UNDEFINED> instruction: 0b39053b
 194:	00001349 			@ <UNDEFINED> instruction: 00001349
 198:	0301131a 	movweq	r1, #4890	@ 0x131a
 19c:	3a0b0b0e 			@ <UNDEFINED> instruction: 3a0b0b0e
 1a0:	39053b0b 			@ <UNDEFINED> instruction: 39053b0b
 1a4:	0013010b 			@ <UNDEFINED> instruction: 0013010b
 1a8:	01041b00 			@ <UNDEFINED> instruction: 01041b00
 1ac:	0b3e0e03 			@ <UNDEFINED> instruction: 0b3e0e03
 1b0:	13490b0b 	movtne	r0, #39691	@ 0x9b0b
 1b4:	053b0b3a 			@ <UNDEFINED> instruction: 053b0b3a
 1b8:	13010b39 	movwne	r0, #6969	@ 0x1b39
 1bc:	341c0000 			@ <UNDEFINED> instruction: 341c0000
 1c0:	3a0e0300 			@ <UNDEFINED> instruction: 3a0e0300
 1c4:	39053b0b 			@ <UNDEFINED> instruction: 39053b0b
 1c8:	3f13490b 			@ <UNDEFINED> instruction: 3f13490b
 1cc:	00193c19 			@ <UNDEFINED> instruction: 00193c19
 1d0:	00341d00 			@ <UNDEFINED> instruction: 00341d00
 1d4:	0b3a1347 			@ <UNDEFINED> instruction: 0b3a1347
 1d8:	0b390b3b 			@ <UNDEFINED> instruction: 0b390b3b
 1dc:	00001802 			@ <UNDEFINED> instruction: 00001802
 1e0:	0300051e 	movweq	r0, #1310	@ 0x51e
 1e4:	3b0b3a0e 			@ <UNDEFINED> instruction: 3b0b3a0e
 1e8:	490b390b 			@ <UNDEFINED> instruction: 490b390b
 1ec:	00180213 			@ <UNDEFINED> instruction: 00180213
 1f0:	011d1f00 			@ <UNDEFINED> instruction: 011d1f00
 1f4:	01521331 			@ <UNDEFINED> instruction: 01521331
 1f8:	110b42b8 			@ <UNDEFINED> instruction: 110b42b8
 1fc:	58061201 			@ <UNDEFINED> instruction: 58061201
 200:	570b590b 			@ <UNDEFINED> instruction: 570b590b
 204:	2000000b 			@ <UNDEFINED> instruction: 2000000b
 208:	13310034 			@ <UNDEFINED> instruction: 13310034
 20c:	0000061c 			@ <UNDEFINED> instruction: 0000061c
 210:	3f002e21 			@ <UNDEFINED> instruction: 3f002e21
 214:	3a0e0319 			@ <UNDEFINED> instruction: 3a0e0319
 218:	390b3b0b 			@ <UNDEFINED> instruction: 390b3b0b
 21c:	1119270b 			@ <UNDEFINED> instruction: 1119270b
 220:	40061201 			@ <UNDEFINED> instruction: 40061201
 224:	00197a18 			@ <UNDEFINED> instruction: 00197a18
 228:	00052200 			@ <UNDEFINED> instruction: 00052200
 22c:	0b3a0803 			@ <UNDEFINED> instruction: 0b3a0803
 230:	0b390b3b 			@ <UNDEFINED> instruction: 0b390b3b
 234:	17021349 			@ <UNDEFINED> instruction: 17021349
 238:	001742b7 			@ <UNDEFINED> instruction: 001742b7
 23c:	012e2300 			@ <UNDEFINED> instruction: 012e2300
 240:	0e03193f 			@ <UNDEFINED> instruction: 0e03193f
 244:	0b3b0b3a 			@ <UNDEFINED> instruction: 0b3b0b3a
 248:	19270b39 			@ <UNDEFINED> instruction: 19270b39
 24c:	13010b20 	movwne	r0, #6944	@ 0x1b20
 250:	05240000 			@ <UNDEFINED> instruction: 05240000
 254:	3a080300 			@ <UNDEFINED> instruction: 3a080300
 258:	390b3b0b 			@ <UNDEFINED> instruction: 390b3b0b
 25c:	0013490b 			@ <UNDEFINED> instruction: 0013490b
 260:	012e2500 			@ <UNDEFINED> instruction: 012e2500
 264:	01111331 			@ <UNDEFINED> instruction: 01111331
 268:	18400612 			@ <UNDEFINED> instruction: 18400612
 26c:	0000197a 			@ <UNDEFINED> instruction: 0000197a
 270:	00280100 			@ <UNDEFINED> instruction: 00280100
 274:	0b1c0e03 			@ <UNDEFINED> instruction: 0b1c0e03
 278:	24020000 			@ <UNDEFINED> instruction: 24020000
 27c:	3e0b0b00 	vmlacc.f64	d0, d11, d0
 280:	000e030b 			@ <UNDEFINED> instruction: 000e030b
 284:	00490300 			@ <UNDEFINED> instruction: 00490300
 288:	187e1802 			@ <UNDEFINED> instruction: 187e1802
 28c:	34040000 			@ <UNDEFINED> instruction: 34040000
 290:	3a0e0300 			@ <UNDEFINED> instruction: 3a0e0300
 294:	0b3b0321 			@ <UNDEFINED> instruction: 0b3b0321
 298:	49172139 			@ <UNDEFINED> instruction: 49172139
 29c:	00061c13 			@ <UNDEFINED> instruction: 00061c13
 2a0:	00340500 			@ <UNDEFINED> instruction: 00340500
 2a4:	213a0e03 			@ <UNDEFINED> instruction: 213a0e03
 2a8:	390b3b03 			@ <UNDEFINED> instruction: 390b3b03
 2ac:	13491721 	movtne	r1, #38689	@ 0x9721
 2b0:	00000b1c 			@ <UNDEFINED> instruction: 00000b1c
 2b4:	49000506 			@ <UNDEFINED> instruction: 49000506
 2b8:	07000013 	smladeq	r0, r3, r0, r0
 2bc:	1331001d 			@ <UNDEFINED> instruction: 1331001d
 2c0:	42b80152 			@ <UNDEFINED> instruction: 42b80152
 2c4:	1201110b 			@ <UNDEFINED> instruction: 1201110b
 2c8:	01215806 			@ <UNDEFINED> instruction: 01215806
 2cc:	21570b59 			@ <UNDEFINED> instruction: 21570b59
 2d0:	08000003 			@ <UNDEFINED> instruction: 08000003
 2d4:	13310034 			@ <UNDEFINED> instruction: 13310034
 2d8:	42b71702 			@ <UNDEFINED> instruction: 42b71702
 2dc:	09000017 			@ <UNDEFINED> instruction: 09000017
 2e0:	017d0148 			@ <UNDEFINED> instruction: 017d0148
 2e4:	1301137f 	movwne	r1, #4991	@ 0x137f
 2e8:	160a0000 			@ <UNDEFINED> instruction: 160a0000
 2ec:	3a0e0300 			@ <UNDEFINED> instruction: 3a0e0300
 2f0:	0b3b0221 			@ <UNDEFINED> instruction: 0b3b0221
 2f4:	13490b39 	movtne	r0, #39737	@ 0x9b39
 2f8:	040b0000 			@ <UNDEFINED> instruction: 040b0000
 2fc:	3e0e0301 			@ <UNDEFINED> instruction: 3e0e0301
 300:	210b0721 			@ <UNDEFINED> instruction: 210b0721
 304:	3a134901 			@ <UNDEFINED> instruction: 3a134901
 308:	0b3b0321 			@ <UNDEFINED> instruction: 0b3b0321
 30c:	01062139 			@ <UNDEFINED> instruction: 01062139
 310:	0c000013 			@ <UNDEFINED> instruction: 0c000013
 314:	193f012e 			@ <UNDEFINED> instruction: 193f012e
 318:	213a0e03 			@ <UNDEFINED> instruction: 213a0e03
 31c:	39053b03 			@ <UNDEFINED> instruction: 39053b03
 320:	19270621 			@ <UNDEFINED> instruction: 19270621
 324:	1301193c 	movwne	r1, #6460	@ 0x193c
 328:	1d0d0000 			@ <UNDEFINED> instruction: 1d0d0000
 32c:	52133101 			@ <UNDEFINED> instruction: 52133101
 330:	0b42b801 			@ <UNDEFINED> instruction: 0b42b801
 334:	21581755 			@ <UNDEFINED> instruction: 21581755
 338:	570b5901 			@ <UNDEFINED> instruction: 570b5901
 33c:	13010321 	movwne	r0, #4897	@ 0x1321
 340:	050e0000 			@ <UNDEFINED> instruction: 050e0000
 344:	02133100 			@ <UNDEFINED> instruction: 02133100
 348:	1742b717 	smlaldne	fp, r2, r7, r7
 34c:	2e0f0000 			@ <UNDEFINED> instruction: 2e0f0000
 350:	03193f00 			@ <UNDEFINED> instruction: 03193f00
 354:	01213a0e 			@ <UNDEFINED> instruction: 01213a0e
 358:	21390b3b 			@ <UNDEFINED> instruction: 21390b3b
 35c:	20192706 			@ <UNDEFINED> instruction: 20192706
 360:	00000121 			@ <UNDEFINED> instruction: 00000121
 364:	7d004810 			@ <UNDEFINED> instruction: 7d004810
 368:	00137f01 			@ <UNDEFINED> instruction: 00137f01
 36c:	002e1100 			@ <UNDEFINED> instruction: 002e1100
 370:	01111331 			@ <UNDEFINED> instruction: 01111331
 374:	18400612 			@ <UNDEFINED> instruction: 18400612
 378:	0000197a 			@ <UNDEFINED> instruction: 0000197a
 37c:	3f002e12 			@ <UNDEFINED> instruction: 3f002e12
 380:	6e193c19 			@ <UNDEFINED> instruction: 6e193c19
 384:	000e030e 			@ <UNDEFINED> instruction: 000e030e
 388:	01111300 			@ <UNDEFINED> instruction: 01111300
 38c:	0b130e25 			@ <UNDEFINED> instruction: 0b130e25
 390:	910b0190 			@ <UNDEFINED> instruction: 910b0190
 394:	0e030601 			@ <UNDEFINED> instruction: 0e030601
 398:	17550e1b 	smmlane	r5, fp, lr, r0
 39c:	17100111 			@ <UNDEFINED> instruction: 17100111
 3a0:	24140000 			@ <UNDEFINED> instruction: 24140000
 3a4:	3e0b0b00 	vmlacc.f64	d0, d11, d0
 3a8:	0008030b 			@ <UNDEFINED> instruction: 0008030b
 3ac:	00261500 			@ <UNDEFINED> instruction: 00261500
 3b0:	00001349 			@ <UNDEFINED> instruction: 00001349
 3b4:	49003516 			@ <UNDEFINED> instruction: 49003516
 3b8:	17000013 	smladne	r0, r3, r0, r0
 3bc:	0e030034 			@ <UNDEFINED> instruction: 0e030034
 3c0:	0b3b0b3a 			@ <UNDEFINED> instruction: 0b3b0b3a
 3c4:	13490b39 	movtne	r0, #39737	@ 0x9b39
 3c8:	0000051c 			@ <UNDEFINED> instruction: 0000051c
 3cc:	03010418 	movweq	r0, #5144	@ 0x1418
 3d0:	0b0b3e0e 			@ <UNDEFINED> instruction: 0b0b3e0e
 3d4:	3a13490b 			@ <UNDEFINED> instruction: 3a13490b
 3d8:	39053b0b 			@ <UNDEFINED> instruction: 39053b0b
 3dc:	0013010b 			@ <UNDEFINED> instruction: 0013010b
 3e0:	00341900 			@ <UNDEFINED> instruction: 00341900
 3e4:	0b3a0e03 			@ <UNDEFINED> instruction: 0b3a0e03
 3e8:	0b390b3b 			@ <UNDEFINED> instruction: 0b390b3b
 3ec:	193f1349 			@ <UNDEFINED> instruction: 193f1349
 3f0:	00001802 			@ <UNDEFINED> instruction: 00001802
 3f4:	3f012e1a 			@ <UNDEFINED> instruction: 3f012e1a
 3f8:	3a0e0319 			@ <UNDEFINED> instruction: 3a0e0319
 3fc:	390b3b0b 			@ <UNDEFINED> instruction: 390b3b0b
 400:	4919270b 			@ <UNDEFINED> instruction: 4919270b
 404:	12011113 			@ <UNDEFINED> instruction: 12011113
 408:	7a184006 			@ <UNDEFINED> instruction: 7a184006
 40c:	00130119 			@ <UNDEFINED> instruction: 00130119
 410:	00051b00 			@ <UNDEFINED> instruction: 00051b00
 414:	0a1c1331 			@ <UNDEFINED> instruction: 0a1c1331
 418:	481c0000 			@ <UNDEFINED> instruction: 481c0000
 41c:	7f017d01 			@ <UNDEFINED> instruction: 7f017d01
 420:	1d000013 			@ <UNDEFINED> instruction: 1d000013
 424:	193f012e 			@ <UNDEFINED> instruction: 193f012e
 428:	0b3a0e03 			@ <UNDEFINED> instruction: 0b3a0e03
 42c:	0b390b3b 			@ <UNDEFINED> instruction: 0b390b3b
 430:	0b201927 			@ <UNDEFINED> instruction: 0b201927
 434:	00001301 			@ <UNDEFINED> instruction: 00001301
 438:	0300051e 	movweq	r0, #1310	@ 0x51e
 43c:	3b0b3a0e 			@ <UNDEFINED> instruction: 3b0b3a0e
 440:	490b390b 			@ <UNDEFINED> instruction: 490b390b
 444:	1f000013 			@ <UNDEFINED> instruction: 1f000013
 448:	0e030034 			@ <UNDEFINED> instruction: 0e030034
 44c:	0b3b0b3a 			@ <UNDEFINED> instruction: 0b3b0b3a
 450:	13490b39 	movtne	r0, #39737	@ 0x9b39
 454:	2e200000 			@ <UNDEFINED> instruction: 2e200000
 458:	3a080300 			@ <UNDEFINED> instruction: 3a080300
 45c:	390b3b0b 			@ <UNDEFINED> instruction: 390b3b0b
 460:	2019270b 			@ <UNDEFINED> instruction: 2019270b
 464:	2100000b 			@ <UNDEFINED> instruction: 2100000b
 468:	1331012e 			@ <UNDEFINED> instruction: 1331012e
 46c:	06120111 			@ <UNDEFINED> instruction: 06120111
 470:	197a1840 			@ <UNDEFINED> instruction: 197a1840
 474:	00001301 			@ <UNDEFINED> instruction: 00001301
 478:	00110100 			@ <UNDEFINED> instruction: 00110100
 47c:	01111710 			@ <UNDEFINED> instruction: 01111710
 480:	0e030f12 			@ <UNDEFINED> instruction: 0e030f12
 484:	0e250e1b 			@ <UNDEFINED> instruction: 0e250e1b
 488:	00000513 			@ <UNDEFINED> instruction: 00000513
	...

Disassembly of section .debug_loclists:

00000000 <.debug_loclists>:
   0:	00000163 			@ <UNDEFINED> instruction: 00000163
   4:	00040005 			@ <UNDEFINED> instruction: 00040005
   8:	00000000 			@ <UNDEFINED> instruction: 00000000
   c:	50040002 			@ <UNDEFINED> instruction: 50040002
  10:	9f30025e 			@ <UNDEFINED> instruction: 9f30025e
  14:	04000200 			@ <UNDEFINED> instruction: 04000200
  18:	35025e50 			@ <UNDEFINED> instruction: 35025e50
  1c:	0002009f 			@ <UNDEFINED> instruction: 0002009f
  20:	025e5004 			@ <UNDEFINED> instruction: 025e5004
  24:	04009f31 			@ <UNDEFINED> instruction: 04009f31
  28:	5e500400 			@ <UNDEFINED> instruction: 5e500400
  2c:	00000c06 			@ <UNDEFINED> instruction: 00000c06
  30:	009f4002 			@ <UNDEFINED> instruction: 009f4002
  34:	50040006 			@ <UNDEFINED> instruction: 50040006
  38:	000c065e 			@ <UNDEFINED> instruction: 000c065e
  3c:	9f400200 			@ <UNDEFINED> instruction: 9f400200
  40:	04000000 			@ <UNDEFINED> instruction: 04000000
  44:	53015e54 	movwpl	r5, #7764	@ 0x1e54
  48:	00000000 			@ <UNDEFINED> instruction: 00000000
  4c:	24200400 			@ <UNDEFINED> instruction: 24200400
  50:	24045001 			@ <UNDEFINED> instruction: 24045001
  54:	03a30a3c 			@ <UNDEFINED> instruction: 03a30a3c
  58:	a82b00a5 			@ <UNDEFINED> instruction: a82b00a5
  5c:	9f00a832 			@ <UNDEFINED> instruction: 9f00a832
  60:	00000000 			@ <UNDEFINED> instruction: 00000000
  64:	2c200400 			@ <UNDEFINED> instruction: 2c200400
  68:	2c045101 			@ <UNDEFINED> instruction: 2c045101
  6c:	03a30a3c 			@ <UNDEFINED> instruction: 03a30a3c
  70:	a82b01a5 			@ <UNDEFINED> instruction: a82b01a5
  74:	9f00a832 			@ <UNDEFINED> instruction: 9f00a832
  78:	00000000 			@ <UNDEFINED> instruction: 00000000
  7c:	2e200400 			@ <UNDEFINED> instruction: 2e200400
  80:	2e045201 			@ <UNDEFINED> instruction: 2e045201
  84:	03a30a3c 			@ <UNDEFINED> instruction: 03a30a3c
  88:	a82b02a5 			@ <UNDEFINED> instruction: a82b02a5
  8c:	9f00a832 			@ <UNDEFINED> instruction: 9f00a832
  90:	04000200 			@ <UNDEFINED> instruction: 04000200
  94:	a3103c20 			@ <UNDEFINED> instruction: a3103c20
  98:	2b00a503 			@ <UNDEFINED> instruction: 2b00a503
  9c:	00a839a8 			@ <UNDEFINED> instruction: 00a839a8
  a0:	40818023 			@ <UNDEFINED> instruction: 40818023
  a4:	009f243a 			@ <UNDEFINED> instruction: 009f243a
  a8:	20040003 			@ <UNDEFINED> instruction: 20040003
  ac:	03a3123c 			@ <UNDEFINED> instruction: 03a3123c
  b0:	a82b00a5 			@ <UNDEFINED> instruction: a82b00a5
  b4:	3a00a839 			@ <UNDEFINED> instruction: 3a00a839
  b8:	80982324 			@ <UNDEFINED> instruction: 80982324
  bc:	9f048088 			@ <UNDEFINED> instruction: 9f048088
  c0:	04000000 			@ <UNDEFINED> instruction: 04000000
  c4:	a3123c24 			@ <UNDEFINED> instruction: a3123c24
  c8:	2b00a503 			@ <UNDEFINED> instruction: 2b00a503
  cc:	00a839a8 			@ <UNDEFINED> instruction: 00a839a8
  d0:	9823243a 			@ <UNDEFINED> instruction: 9823243a
  d4:	04808880 			@ <UNDEFINED> instruction: 04808880
  d8:	0000009f 			@ <UNDEFINED> instruction: 0000009f
  dc:	00040000 			@ <UNDEFINED> instruction: 00040000
  e0:	04500104 			@ <UNDEFINED> instruction: 04500104
  e4:	a30a2004 	movwge	r2, #40964	@ 0xa004
  e8:	2b00a503 			@ <UNDEFINED> instruction: 2b00a503
  ec:	00a832a8 			@ <UNDEFINED> instruction: 00a832a8
  f0:	0000009f 			@ <UNDEFINED> instruction: 0000009f
  f4:	00040000 			@ <UNDEFINED> instruction: 00040000
  f8:	0451010a 			@ <UNDEFINED> instruction: 0451010a
  fc:	a30a200a 	movwge	r2, #40970	@ 0xa00a
 100:	2b01a503 			@ <UNDEFINED> instruction: 2b01a503
 104:	00a832a8 			@ <UNDEFINED> instruction: 00a832a8
 108:	0000009f 			@ <UNDEFINED> instruction: 0000009f
 10c:	00040000 			@ <UNDEFINED> instruction: 00040000
 110:	0452011a 			@ <UNDEFINED> instruction: 0452011a
 114:	a30a201a 	movwge	r2, #40986	@ 0xa01a
 118:	2b02a503 			@ <UNDEFINED> instruction: 2b02a503
 11c:	00a832a8 			@ <UNDEFINED> instruction: 00a832a8
 120:	0002009f 			@ <UNDEFINED> instruction: 0002009f
 124:	10200004 			@ <UNDEFINED> instruction: 10200004
 128:	00a503a3 			@ <UNDEFINED> instruction: 00a503a3
 12c:	a839a82b 			@ <UNDEFINED> instruction: a839a82b
 130:	81802300 			@ <UNDEFINED> instruction: 81802300
 134:	9f243a40 			@ <UNDEFINED> instruction: 9f243a40
 138:	04000300 			@ <UNDEFINED> instruction: 04000300
 13c:	a3102000 			@ <UNDEFINED> instruction: a3102000
 140:	2b00a503 			@ <UNDEFINED> instruction: 2b00a503
 144:	00a839a8 			@ <UNDEFINED> instruction: 00a839a8
 148:	40818023 			@ <UNDEFINED> instruction: 40818023
 14c:	009f243a 			@ <UNDEFINED> instruction: 009f243a
 150:	08040000 			@ <UNDEFINED> instruction: 08040000
 154:	00500120 			@ <UNDEFINED> instruction: 00500120
 158:	00000000 			@ <UNDEFINED> instruction: 00000000
 15c:	011c0c04 			@ <UNDEFINED> instruction: 011c0c04
 160:	201c0453 			@ <UNDEFINED> instruction: 201c0453
 164:	70005201 			@ <UNDEFINED> instruction: 70005201
 168:	05000000 			@ <UNDEFINED> instruction: 05000000
 16c:	00000400 			@ <UNDEFINED> instruction: 00000400
 170:	01000000 			@ <UNDEFINED> instruction: 01000000
 174:	00b80800 			@ <UNDEFINED> instruction: 00b80800
 178:	06080800 			@ <UNDEFINED> instruction: 06080800
 17c:	0000049e 			@ <UNDEFINED> instruction: 0000049e
 180:	05003f80 			@ <UNDEFINED> instruction: 05003f80
 184:	00b80800 			@ <UNDEFINED> instruction: 00b80800
 188:	06020800 			@ <UNDEFINED> instruction: 06020800
 18c:	0f423f0c 			@ <UNDEFINED> instruction: 0f423f0c
 190:	05009f00 			@ <UNDEFINED> instruction: 05009f00
 194:	00ca0800 			@ <UNDEFINED> instruction: 00ca0800
 198:	06020800 			@ <UNDEFINED> instruction: 06020800
 19c:	0f423f0c 			@ <UNDEFINED> instruction: 0f423f0c
 1a0:	00009f00 			@ <UNDEFINED> instruction: 00009f00
 1a4:	06000000 			@ <UNDEFINED> instruction: 06000000
 1a8:	00000000 			@ <UNDEFINED> instruction: 00000000
 1ac:	01070004 			@ <UNDEFINED> instruction: 01070004
 1b0:	1c070450 			@ <UNDEFINED> instruction: 1c070450
 1b4:	a503a306 			@ <UNDEFINED> instruction: a503a306
 1b8:	009f2b00 			@ <UNDEFINED> instruction: 009f2b00
 1bc:	00000002 			@ <UNDEFINED> instruction: 00000002
 1c0:	00060000 			@ <UNDEFINED> instruction: 00060000
 1c4:	04000000 			@ <UNDEFINED> instruction: 04000000
 1c8:	70030400 			@ <UNDEFINED> instruction: 70030400
 1cc:	04049f7f 			@ <UNDEFINED> instruction: 04049f7f
 1d0:	04500108 			@ <UNDEFINED> instruction: 04500108
 1d4:	70030a08 			@ <UNDEFINED> instruction: 70030a08
 1d8:	Address 0x1d8 is out of bounds.


Disassembly of section .debug_aranges:

00000000 <.debug_aranges>:
   0:	0000001c 			@ <UNDEFINED> instruction: 0000001c
   4:	00000002 			@ <UNDEFINED> instruction: 00000002
   8:	00040000 			@ <UNDEFINED> instruction: 00040000
   c:	00000000 			@ <UNDEFINED> instruction: 00000000
  10:	08000008 			@ <UNDEFINED> instruction: 08000008
  14:	00000084 			@ <UNDEFINED> instruction: 00000084
	...
  20:	00000024 			@ <UNDEFINED> instruction: 00000024
  24:	0d430002 			@ <UNDEFINED> instruction: 0d430002
  28:	00040000 			@ <UNDEFINED> instruction: 00040000
	...
  34:	00000024 			@ <UNDEFINED> instruction: 00000024
  38:	0800008c 			@ <UNDEFINED> instruction: 0800008c
  3c:	00000050 			@ <UNDEFINED> instruction: 00000050
	...
  48:	0000001c 			@ <UNDEFINED> instruction: 0000001c
  4c:	11470002 			@ <UNDEFINED> instruction: 11470002
  50:	00040000 			@ <UNDEFINED> instruction: 00040000
  54:	00000000 			@ <UNDEFINED> instruction: 00000000
  58:	080000dc 			@ <UNDEFINED> instruction: 080000dc
  5c:	00000006 			@ <UNDEFINED> instruction: 00000006
	...

Disassembly of section .debug_line:

00000000 <.debug_line>:
   0:	00000140 			@ <UNDEFINED> instruction: 00000140
   4:	00680003 			@ <UNDEFINED> instruction: 00680003
   8:	01020000 			@ <UNDEFINED> instruction: 01020000
   c:	000d0efb 	strdeq	r0, [sp], -fp
  10:	01010101 			@ <UNDEFINED> instruction: 01010101
  14:	01000000 			@ <UNDEFINED> instruction: 01000000
  18:	2e010000 			@ <UNDEFINED> instruction: 2e010000
  1c:	6970672f 			@ <UNDEFINED> instruction: 6970672f
  20:	752f006f 			@ <UNDEFINED> instruction: 752f006f
  24:	6c2f7273 			@ <UNDEFINED> instruction: 6c2f7273
  28:	672f6269 			@ <UNDEFINED> instruction: 672f6269
  2c:	612f6363 			@ <UNDEFINED> instruction: 612f6363
  30:	6e2d6d72 			@ <UNDEFINED> instruction: 6e2d6d72
  34:	2d656e6f 			@ <UNDEFINED> instruction: 2d656e6f
  38:	69626165 			@ <UNDEFINED> instruction: 69626165
  3c:	2e36312f 			@ <UNDEFINED> instruction: 2e36312f
  40:	2f302e31 			@ <UNDEFINED> instruction: 2f302e31
  44:	6c636e69 			@ <UNDEFINED> instruction: 6c636e69
  48:	00656475 			@ <UNDEFINED> instruction: 00656475
  4c:	69706700 			@ <UNDEFINED> instruction: 69706700
  50:	00632e6f 			@ <UNDEFINED> instruction: 00632e6f
  54:	73000001 	movwvc	r0, #1
  58:	6e696474 			@ <UNDEFINED> instruction: 6e696474
  5c:	63672d74 			@ <UNDEFINED> instruction: 63672d74
  60:	00682e63 			@ <UNDEFINED> instruction: 00682e63
  64:	67000002 			@ <UNDEFINED> instruction: 67000002
  68:	2e6f6970 			@ <UNDEFINED> instruction: 2e6f6970
  6c:	00010068 			@ <UNDEFINED> instruction: 00010068
  70:	01050000 			@ <UNDEFINED> instruction: 01050000
  74:	08020500 			@ <UNDEFINED> instruction: 08020500
  78:	03080000 	movweq	r0, #32768	@ 0x8000
  7c:	02050115 			@ <UNDEFINED> instruction: 02050115
  80:	05131313 			@ <UNDEFINED> instruction: 05131313
  84:	2e100637 			@ <UNDEFINED> instruction: 2e100637
  88:	05200f05 			@ <UNDEFINED> instruction: 05200f05
  8c:	05240602 			@ <UNDEFINED> instruction: 05240602
  90:	05130621 			@ <UNDEFINED> instruction: 05130621
  94:	02051f0b 			@ <UNDEFINED> instruction: 02051f0b
  98:	1b052106 			@ <UNDEFINED> instruction: 1b052106
  9c:	11050106 			@ <UNDEFINED> instruction: 11050106
  a0:	0602054a 			@ <UNDEFINED> instruction: 0602054a
  a4:	0624052f 			@ <UNDEFINED> instruction: 0624052f
  a8:	20110501 			@ <UNDEFINED> instruction: 20110501
  ac:	22060205 			@ <UNDEFINED> instruction: 22060205
  b0:	01060e05 			@ <UNDEFINED> instruction: 01060e05
  b4:	06210105 			@ <UNDEFINED> instruction: 06210105
  b8:	13020523 	movwne	r0, #9507	@ 0x2523
  bc:	0f051313 			@ <UNDEFINED> instruction: 0f051313
  c0:	02051106 			@ <UNDEFINED> instruction: 02051106
  c4:	03053106 	movweq	r3, #20742	@ 0x5106
  c8:	05051506 			@ <UNDEFINED> instruction: 05051506
  cc:	0603052b 			@ <UNDEFINED> instruction: 0603052b
  d0:	06280528 			@ <UNDEFINED> instruction: 06280528
  d4:	20200501 			@ <UNDEFINED> instruction: 20200501
  d8:	20180520 			@ <UNDEFINED> instruction: 20180520
  dc:	063e0105 			@ <UNDEFINED> instruction: 063e0105
  e0:	1402053f 			@ <UNDEFINED> instruction: 1402053f
  e4:	01060605 			@ <UNDEFINED> instruction: 01060605
  e8:	052e1905 			@ <UNDEFINED> instruction: 052e1905
  ec:	3f065901 			@ <UNDEFINED> instruction: 3f065901
  f0:	05130205 			@ <UNDEFINED> instruction: 05130205
  f4:	01590306 			@ <UNDEFINED> instruction: 01590306
  f8:	13140205 			@ <UNDEFINED> instruction: 13140205
  fc:	0b051413 			@ <UNDEFINED> instruction: 0b051413
 100:	02050106 			@ <UNDEFINED> instruction: 02050106
 104:	11052f06 			@ <UNDEFINED> instruction: 11052f06
 108:	02050106 			@ <UNDEFINED> instruction: 02050106
 10c:	11052f06 			@ <UNDEFINED> instruction: 11052f06
 110:	02050106 			@ <UNDEFINED> instruction: 02050106
 114:	0e053006 			@ <UNDEFINED> instruction: 0e053006
 118:	05200106 			@ <UNDEFINED> instruction: 05200106
 11c:	011e0301 			@ <UNDEFINED> instruction: 011e0301
 120:	02053f06 			@ <UNDEFINED> instruction: 02053f06
 124:	06070513 			@ <UNDEFINED> instruction: 06070513
 128:	2c050514 			@ <UNDEFINED> instruction: 2c050514
 12c:	22060305 			@ <UNDEFINED> instruction: 22060305
 130:	01062205 			@ <UNDEFINED> instruction: 01062205
 134:	5c060305 			@ <UNDEFINED> instruction: 5c060305
 138:	01062405 			@ <UNDEFINED> instruction: 01062405
 13c:	024c0105 			@ <UNDEFINED> instruction: 024c0105
 140:	01010004 			@ <UNDEFINED> instruction: 01010004
 144:	0000017d 			@ <UNDEFINED> instruction: 0000017d
 148:	006f0003 			@ <UNDEFINED> instruction: 006f0003
 14c:	01020000 			@ <UNDEFINED> instruction: 01020000
 150:	000d0efb 	strdeq	r0, [sp], -fp
 154:	01010101 			@ <UNDEFINED> instruction: 01010101
 158:	01000000 			@ <UNDEFINED> instruction: 01000000
 15c:	6b010000 			@ <UNDEFINED> instruction: 6b010000
 160:	656e7265 			@ <UNDEFINED> instruction: 656e7265
 164:	752f006c 			@ <UNDEFINED> instruction: 752f006c
 168:	6c2f7273 			@ <UNDEFINED> instruction: 6c2f7273
 16c:	672f6269 			@ <UNDEFINED> instruction: 672f6269
 170:	612f6363 			@ <UNDEFINED> instruction: 612f6363
 174:	6e2d6d72 			@ <UNDEFINED> instruction: 6e2d6d72
 178:	2d656e6f 			@ <UNDEFINED> instruction: 2d656e6f
 17c:	69626165 			@ <UNDEFINED> instruction: 69626165
 180:	2e36312f 			@ <UNDEFINED> instruction: 2e36312f
 184:	2f302e31 			@ <UNDEFINED> instruction: 2f302e31
 188:	6c636e69 			@ <UNDEFINED> instruction: 6c636e69
 18c:	00656475 			@ <UNDEFINED> instruction: 00656475
 190:	70672f2e 			@ <UNDEFINED> instruction: 70672f2e
 194:	00006f69 			@ <UNDEFINED> instruction: 00006f69
 198:	6e69616d 			@ <UNDEFINED> instruction: 6e69616d
 19c:	0100632e 			@ <UNDEFINED> instruction: 0100632e
 1a0:	74730000 			@ <UNDEFINED> instruction: 74730000
 1a4:	746e6964 			@ <UNDEFINED> instruction: 746e6964
 1a8:	6363672d 			@ <UNDEFINED> instruction: 6363672d
 1ac:	0200682e 			@ <UNDEFINED> instruction: 0200682e
 1b0:	70670000 			@ <UNDEFINED> instruction: 70670000
 1b4:	682e6f69 			@ <UNDEFINED> instruction: 682e6f69
 1b8:	00000300 			@ <UNDEFINED> instruction: 00000300
 1bc:	00010500 			@ <UNDEFINED> instruction: 00010500
 1c0:	00000205 			@ <UNDEFINED> instruction: 00000205
 1c4:	0b030000 			@ <UNDEFINED> instruction: 0b030000
 1c8:	13020501 	movwne	r0, #9473	@ 0x2501
 1cc:	11060105 			@ <UNDEFINED> instruction: 11060105
 1d0:	05212705 			@ <UNDEFINED> instruction: 05212705
 1d4:	02053c0b 			@ <UNDEFINED> instruction: 02053c0b
 1d8:	09053006 			@ <UNDEFINED> instruction: 09053006
 1dc:	01040200 			@ <UNDEFINED> instruction: 01040200
 1e0:	04020001 			@ <UNDEFINED> instruction: 04020001
 1e4:	05010601 			@ <UNDEFINED> instruction: 05010601
 1e8:	0402000f 			@ <UNDEFINED> instruction: 0402000f
 1ec:	03052001 	movweq	r2, #20481	@ 0x5001
 1f0:	14052206 			@ <UNDEFINED> instruction: 14052206
 1f4:	05017503 			@ <UNDEFINED> instruction: 05017503
 1f8:	20061402 			@ <UNDEFINED> instruction: 20061402
 1fc:	02000905 			@ <UNDEFINED> instruction: 02000905
 200:	19060104 			@ <UNDEFINED> instruction: 19060104
 204:	01040200 			@ <UNDEFINED> instruction: 01040200
 208:	01052006 			@ <UNDEFINED> instruction: 01052006
 20c:	13430624 	movtne	r0, #13860	@ 0x3624
 210:	13020531 	movwne	r0, #9521	@ 0x2531
 214:	21060105 			@ <UNDEFINED> instruction: 21060105
 218:	01000102 			@ <UNDEFINED> instruction: 01000102
 21c:	00010501 			@ <UNDEFINED> instruction: 00010501
 220:	008c0205 			@ <UNDEFINED> instruction: 008c0205
 224:	22030800 			@ <UNDEFINED> instruction: 22030800
 228:	14020501 			@ <UNDEFINED> instruction: 14020501
 22c:	1e060105 			@ <UNDEFINED> instruction: 1e060105
 230:	32220205 			@ <UNDEFINED> instruction: 32220205
 234:	051c0e05 			@ <UNDEFINED> instruction: 051c0e05
 238:	0e052402 			@ <UNDEFINED> instruction: 0e052402
 23c:	0602051c 			@ <UNDEFINED> instruction: 0602051c
 240:	3c0b0332 			@ <UNDEFINED> instruction: 3c0b0332
 244:	0305135a 	movweq	r1, #21338	@ 0x535a
 248:	06055915 			@ <UNDEFINED> instruction: 06055915
 24c:	05015003 			@ <UNDEFINED> instruction: 05015003
 250:	05141402 			@ <UNDEFINED> instruction: 05141402
 254:	04020009 			@ <UNDEFINED> instruction: 04020009
 258:	02000101 			@ <UNDEFINED> instruction: 02000101
 25c:	01060104 			@ <UNDEFINED> instruction: 01060104
 260:	2b030305 			@ <UNDEFINED> instruction: 2b030305
 264:	57030601 			@ <UNDEFINED> instruction: 57030601
 268:	03140520 			@ <UNDEFINED> instruction: 03140520
 26c:	02050175 			@ <UNDEFINED> instruction: 02050175
 270:	00090514 			@ <UNDEFINED> instruction: 00090514
 274:	27010402 			@ <UNDEFINED> instruction: 27010402
 278:	01040200 			@ <UNDEFINED> instruction: 01040200
 27c:	03052e06 	movweq	r2, #24070	@ 0x5e06
 280:	012d0306 			@ <UNDEFINED> instruction: 012d0306
 284:	61030605 			@ <UNDEFINED> instruction: 61030605
 288:	14020501 			@ <UNDEFINED> instruction: 14020501
 28c:	1f030305 			@ <UNDEFINED> instruction: 1f030305
 290:	06054b20 			@ <UNDEFINED> instruction: 06054b20
 294:	05014c03 			@ <UNDEFINED> instruction: 05014c03
 298:	05141402 			@ <UNDEFINED> instruction: 05141402
 29c:	04020009 			@ <UNDEFINED> instruction: 04020009
 2a0:	02000101 			@ <UNDEFINED> instruction: 02000101
 2a4:	01060104 			@ <UNDEFINED> instruction: 01060104
 2a8:	2f030305 			@ <UNDEFINED> instruction: 2f030305
 2ac:	53030601 	movwpl	r0, #13825	@ 0x3601
 2b0:	03140520 			@ <UNDEFINED> instruction: 03140520
 2b4:	02050175 			@ <UNDEFINED> instruction: 02050175
 2b8:	00090514 			@ <UNDEFINED> instruction: 00090514
 2bc:	27010402 			@ <UNDEFINED> instruction: 27010402
 2c0:	01000702 			@ <UNDEFINED> instruction: 01000702
 2c4:	00004601 			@ <UNDEFINED> instruction: 00004601
 2c8:	04000500 			@ <UNDEFINED> instruction: 04000500
 2cc:	00002e00 			@ <UNDEFINED> instruction: 00002e00
 2d0:	01010200 			@ <UNDEFINED> instruction: 01010200
 2d4:	000d0efb 	strdeq	r0, [sp], -fp
 2d8:	01010101 			@ <UNDEFINED> instruction: 01010101
 2dc:	01000000 			@ <UNDEFINED> instruction: 01000000
 2e0:	01010000 			@ <UNDEFINED> instruction: 01010000
 2e4:	00021f01 			@ <UNDEFINED> instruction: 00021f01
 2e8:	43000000 	movwmi	r0, #0
 2ec:	02000000 			@ <UNDEFINED> instruction: 02000000
 2f0:	0f021f01 			@ <UNDEFINED> instruction: 0f021f01
 2f4:	00004a02 			@ <UNDEFINED> instruction: 00004a02
 2f8:	004a0100 			@ <UNDEFINED> instruction: 004a0100
 2fc:	00010000 			@ <UNDEFINED> instruction: 00010000
 300:	00dc0205 			@ <UNDEFINED> instruction: 00dc0205
 304:	12030800 			@ <UNDEFINED> instruction: 12030800
 308:	01023101 			@ <UNDEFINED> instruction: 01023101
 30c:	Address 0x30c is out of bounds.


Disassembly of section .debug_str:

00000000 <.debug_str>:
   0:	4f495047 			@ <UNDEFINED> instruction: 4f495047
   4:	524f505f 			@ <UNDEFINED> instruction: 524f505f
   8:	554f5f54 			@ <UNDEFINED> instruction: 554f5f54
   c:	54555054 			@ <UNDEFINED> instruction: 54555054
  10:	5059545f 			@ <UNDEFINED> instruction: 5059545f
  14:	504f5f45 			@ <UNDEFINED> instruction: 504f5f45
  18:	445f4e45 			@ <UNDEFINED> instruction: 445f4e45
  1c:	4e494152 			@ <UNDEFINED> instruction: 4e494152
  20:	74657300 			@ <UNDEFINED> instruction: 74657300
  24:	0032444c 			@ <UNDEFINED> instruction: 0032444c
  28:	316e6970 			@ <UNDEFINED> instruction: 316e6970
  2c:	7465735f 			@ <UNDEFINED> instruction: 7465735f
  30:	726f7000 			@ <UNDEFINED> instruction: 726f7000
  34:	6f6d5f74 			@ <UNDEFINED> instruction: 6f6d5f74
  38:	615f6564 			@ <UNDEFINED> instruction: 615f6564
  3c:	00726464 			@ <UNDEFINED> instruction: 00726464
  40:	6f697067 			@ <UNDEFINED> instruction: 6f697067
  44:	726f705f 			@ <UNDEFINED> instruction: 726f705f
  48:	6e695f74 			@ <UNDEFINED> instruction: 6e695f74
  4c:	5f747570 			@ <UNDEFINED> instruction: 5f747570
  50:	61746164 			@ <UNDEFINED> instruction: 61746164
  54:	4700745f 	smlsdmi	r0, pc, r4, r7	@ <UNPREDICTABLE>
  58:	4320554e 			@ <UNDEFINED> instruction: 4320554e
  5c:	31203332 			@ <UNDEFINED> instruction: 31203332
  60:	2e312e36 			@ <UNDEFINED> instruction: 2e312e36
  64:	6d2d2030 			@ <UNDEFINED> instruction: 6d2d2030
  68:	3d757063 			@ <UNDEFINED> instruction: 3d757063
  6c:	74726f63 			@ <UNDEFINED> instruction: 74726f63
  70:	6d2d7865 			@ <UNDEFINED> instruction: 6d2d7865
  74:	6d2d2034 			@ <UNDEFINED> instruction: 6d2d2034
  78:	6d756874 			@ <UNDEFINED> instruction: 6d756874
  7c:	6d2d2062 			@ <UNDEFINED> instruction: 6d2d2062
  80:	616f6c66 			@ <UNDEFINED> instruction: 616f6c66
  84:	62612d74 			@ <UNDEFINED> instruction: 62612d74
  88:	6f733d69 			@ <UNDEFINED> instruction: 6f733d69
  8c:	2d207466 			@ <UNDEFINED> instruction: 2d207466
  90:	6372616d 			@ <UNDEFINED> instruction: 6372616d
  94:	72613d68 			@ <UNDEFINED> instruction: 72613d68
  98:	6537766d 			@ <UNDEFINED> instruction: 6537766d
  9c:	2d206d2d 			@ <UNDEFINED> instruction: 2d206d2d
  a0:	4f2d2067 			@ <UNDEFINED> instruction: 4f2d2067
  a4:	732d2033 			@ <UNDEFINED> instruction: 732d2033
  a8:	633d6474 			@ <UNDEFINED> instruction: 633d6474
  ac:	2d203332 			@ <UNDEFINED> instruction: 2d203332
  b0:	65726666 			@ <UNDEFINED> instruction: 65726666
  b4:	61747365 			@ <UNDEFINED> instruction: 61747365
  b8:	6e69646e 			@ <UNDEFINED> instruction: 6e69646e
  bc:	662d2067 			@ <UNDEFINED> instruction: 662d2067
  c0:	622d6f6e 			@ <UNDEFINED> instruction: 622d6f6e
  c4:	746c6975 			@ <UNDEFINED> instruction: 746c6975
  c8:	67006e69 			@ <UNDEFINED> instruction: 67006e69
  cc:	5f6f6970 			@ <UNDEFINED> instruction: 5f6f6970
  d0:	74726f70 			@ <UNDEFINED> instruction: 74726f70
  d4:	646f6d5f 			@ <UNDEFINED> instruction: 646f6d5f
  d8:	00745f65 			@ <UNDEFINED> instruction: 00745f65
  dc:	306e6970 			@ <UNDEFINED> instruction: 306e6970
  e0:	7365725f 			@ <UNDEFINED> instruction: 7365725f
  e4:	70007465 			@ <UNDEFINED> instruction: 70007465
  e8:	00326e69 			@ <UNDEFINED> instruction: 00326e69
  ec:	396e6970 			@ <UNDEFINED> instruction: 396e6970
  f0:	7465735f 			@ <UNDEFINED> instruction: 7465735f
  f4:	49504700 			@ <UNDEFINED> instruction: 49504700
  f8:	4f505f4f 			@ <UNDEFINED> instruction: 4f505f4f
  fc:	4c5f5452 	mrrcmi	4, 5, r5, pc, cr2	@ <UNPREDICTABLE>
 100:	45545445 			@ <UNDEFINED> instruction: 45545445
 104:	70670052 			@ <UNDEFINED> instruction: 70670052
 108:	705f6f69 			@ <UNDEFINED> instruction: 705f6f69
 10c:	5f74726f 			@ <UNDEFINED> instruction: 5f74726f
 110:	7074756f 			@ <UNDEFINED> instruction: 7074756f
 114:	735f7475 			@ <UNDEFINED> instruction: 735f7475
 118:	64656570 			@ <UNDEFINED> instruction: 64656570
 11c:	4700745f 	smlsdmi	r0, pc, r4, r7	@ <UNPREDICTABLE>
 120:	5f4f4950 			@ <UNDEFINED> instruction: 5f4f4950
 124:	54524f50 			@ <UNDEFINED> instruction: 54524f50
 128:	504e495f 			@ <UNDEFINED> instruction: 504e495f
 12c:	485f5455 			@ <UNDEFINED> instruction: 485f5455
 130:	00484749 			@ <UNDEFINED> instruction: 00484749
 134:	4f495047 			@ <UNDEFINED> instruction: 4f495047
 138:	524f505f 			@ <UNDEFINED> instruction: 524f505f
 13c:	554f5f54 			@ <UNDEFINED> instruction: 554f5f54
 140:	54555054 			@ <UNDEFINED> instruction: 54555054
 144:	4550535f 			@ <UNDEFINED> instruction: 4550535f
 148:	485f4445 			@ <UNDEFINED> instruction: 485f4445
 14c:	00484749 			@ <UNDEFINED> instruction: 00484749
 150:	316e6970 			@ <UNDEFINED> instruction: 316e6970
 154:	65735f31 			@ <UNDEFINED> instruction: 65735f31
 158:	6f700074 			@ <UNDEFINED> instruction: 6f700074
 15c:	6d5f7472 			@ <UNDEFINED> instruction: 6d5f7472
 160:	0065646f 			@ <UNDEFINED> instruction: 0065646f
 164:	676e6f6c 			@ <UNDEFINED> instruction: 676e6f6c
 168:	6e6f6c20 			@ <UNDEFINED> instruction: 6e6f6c20
 16c:	6e752067 			@ <UNDEFINED> instruction: 6e752067
 170:	6e676973 			@ <UNDEFINED> instruction: 6e676973
 174:	69206465 			@ <UNDEFINED> instruction: 69206465
 178:	7000746e 			@ <UNDEFINED> instruction: 7000746e
 17c:	5f346e69 			@ <UNDEFINED> instruction: 5f346e69
 180:	65736572 			@ <UNDEFINED> instruction: 65736572
 184:	50470074 			@ <UNDEFINED> instruction: 50470074
 188:	525f4f49 			@ <UNDEFINED> instruction: 525f4f49
 18c:	53494745 	movtpl	r4, #38725	@ 0x9745
 190:	53524554 			@ <UNDEFINED> instruction: 53524554
 194:	49504700 			@ <UNDEFINED> instruction: 49504700
 198:	4f505f4f 			@ <UNDEFINED> instruction: 4f505f4f
 19c:	425f5452 			@ <UNDEFINED> instruction: 425f5452
 1a0:	525f5449 			@ <UNDEFINED> instruction: 525f5449
 1a4:	54455345 			@ <UNDEFINED> instruction: 54455345
 1a8:	6e697000 			@ <UNDEFINED> instruction: 6e697000
 1ac:	70003531 			@ <UNDEFINED> instruction: 70003531
 1b0:	5f366e69 			@ <UNDEFINED> instruction: 5f366e69
 1b4:	65736572 			@ <UNDEFINED> instruction: 65736572
 1b8:	50470074 			@ <UNDEFINED> instruction: 50470074
 1bc:	5f424f49 			@ <UNDEFINED> instruction: 5f424f49
 1c0:	69676552 			@ <UNDEFINED> instruction: 69676552
 1c4:	72657473 			@ <UNDEFINED> instruction: 72657473
 1c8:	49504700 			@ <UNDEFINED> instruction: 49504700
 1cc:	525f434f 			@ <UNDEFINED> instruction: 525f434f
 1d0:	73696765 			@ <UNDEFINED> instruction: 73696765
 1d4:	00726574 			@ <UNDEFINED> instruction: 00726574
 1d8:	676e6f6c 			@ <UNDEFINED> instruction: 676e6f6c
 1dc:	6e6f6c20 			@ <UNDEFINED> instruction: 6e6f6c20
 1e0:	6e692067 			@ <UNDEFINED> instruction: 6e692067
 1e4:	50470074 			@ <UNDEFINED> instruction: 50470074
 1e8:	4d5f4f49 			@ <UNDEFINED> instruction: 4d5f4f49
 1ec:	5f4f494d 			@ <UNDEFINED> instruction: 5f4f494d
 1f0:	41425f43 			@ <UNDEFINED> instruction: 41425f43
 1f4:	47004553 	smlsdmi	r0, r3, r5, r4
 1f8:	454f4950 			@ <UNDEFINED> instruction: 454f4950
 1fc:	6765525f 			@ <UNDEFINED> instruction: 6765525f
 200:	65747369 			@ <UNDEFINED> instruction: 65747369
 204:	50470072 			@ <UNDEFINED> instruction: 50470072
 208:	5f464f49 			@ <UNDEFINED> instruction: 5f464f49
 20c:	69676552 			@ <UNDEFINED> instruction: 69676552
 210:	72657473 			@ <UNDEFINED> instruction: 72657473
 214:	49504700 			@ <UNDEFINED> instruction: 49504700
 218:	525f474f 			@ <UNDEFINED> instruction: 525f474f
 21c:	73696765 			@ <UNDEFINED> instruction: 73696765
 220:	00726574 			@ <UNDEFINED> instruction: 00726574
 224:	74726f70 			@ <UNDEFINED> instruction: 74726f70
 228:	646f6d5f 			@ <UNDEFINED> instruction: 646f6d5f
 22c:	765f7365 			@ <UNDEFINED> instruction: 765f7365
 230:	70006c61 			@ <UNDEFINED> instruction: 70006c61
 234:	5f386e69 			@ <UNDEFINED> instruction: 5f386e69
 238:	65736572 			@ <UNDEFINED> instruction: 65736572
 23c:	69700074 			@ <UNDEFINED> instruction: 69700074
 240:	735f366e 			@ <UNDEFINED> instruction: 735f366e
 244:	70007465 			@ <UNDEFINED> instruction: 70007465
 248:	31316e69 			@ <UNDEFINED> instruction: 31316e69
 24c:	7365725f 			@ <UNDEFINED> instruction: 7365725f
 250:	47007465 			@ <UNDEFINED> instruction: 47007465
 254:	5f4f4950 			@ <UNDEFINED> instruction: 5f4f4950
 258:	54524f50 			@ <UNDEFINED> instruction: 54524f50
 25c:	54554f5f 			@ <UNDEFINED> instruction: 54554f5f
 260:	5f545550 			@ <UNDEFINED> instruction: 5f545550
 264:	41544144 			@ <UNDEFINED> instruction: 41544144
 268:	4444415f 			@ <UNDEFINED> instruction: 4444415f
 26c:	53534552 			@ <UNDEFINED> instruction: 53534552
 270:	46464f5f 			@ <UNDEFINED> instruction: 46464f5f
 274:	00544553 			@ <UNDEFINED> instruction: 00544553
 278:	316e6970 			@ <UNDEFINED> instruction: 316e6970
 27c:	65735f33 			@ <UNDEFINED> instruction: 65735f33
 280:	50470074 			@ <UNDEFINED> instruction: 50470074
 284:	505f4f49 			@ <UNDEFINED> instruction: 505f4f49
 288:	5f54524f 			@ <UNDEFINED> instruction: 5f54524f
 28c:	4c4c5550 	mcrrmi	5, 5, r5, ip, cr0
 290:	444f4d5f 			@ <UNDEFINED> instruction: 444f4d5f
 294:	44415f45 			@ <UNDEFINED> instruction: 44415f45
 298:	53455244 	movtpl	r5, #21060	@ 0x5244
 29c:	464f5f53 			@ <UNDEFINED> instruction: 464f5f53
 2a0:	54455346 			@ <UNDEFINED> instruction: 54455346
 2a4:	49504700 			@ <UNDEFINED> instruction: 49504700
 2a8:	4f505f4f 			@ <UNDEFINED> instruction: 4f505f4f
 2ac:	4d5f5452 			@ <UNDEFINED> instruction: 4d5f5452
 2b0:	5f45444f 			@ <UNDEFINED> instruction: 5f45444f
 2b4:	52444441 			@ <UNDEFINED> instruction: 52444441
 2b8:	5f535345 			@ <UNDEFINED> instruction: 5f535345
 2bc:	5346464f 	movtpl	r4, #26191	@ 0x664f
 2c0:	70005445 			@ <UNDEFINED> instruction: 70005445
 2c4:	33316e69 			@ <UNDEFINED> instruction: 33316e69
 2c8:	7365725f 			@ <UNDEFINED> instruction: 7365725f
 2cc:	67007465 			@ <UNDEFINED> instruction: 67007465
 2d0:	5f6f6970 			@ <UNDEFINED> instruction: 5f6f6970
 2d4:	74726f70 			@ <UNDEFINED> instruction: 74726f70
 2d8:	74756f5f 			@ <UNDEFINED> instruction: 74756f5f
 2dc:	5f747570 			@ <UNDEFINED> instruction: 5f747570
 2e0:	65707974 			@ <UNDEFINED> instruction: 65707974
 2e4:	7000745f 			@ <UNDEFINED> instruction: 7000745f
 2e8:	5f74726f 			@ <UNDEFINED> instruction: 5f74726f
 2ec:	5f746962 			@ <UNDEFINED> instruction: 5f746962
 2f0:	5f746573 			@ <UNDEFINED> instruction: 5f746573
 2f4:	65736572 			@ <UNDEFINED> instruction: 65736572
 2f8:	64615f74 			@ <UNDEFINED> instruction: 64615f74
 2fc:	47007264 			@ <UNDEFINED> instruction: 47007264
 300:	5f4f4950 			@ <UNDEFINED> instruction: 5f4f4950
 304:	54524f50 			@ <UNDEFINED> instruction: 54524f50
 308:	54554f5f 			@ <UNDEFINED> instruction: 54554f5f
 30c:	5f545550 			@ <UNDEFINED> instruction: 5f545550
 310:	45505954 			@ <UNDEFINED> instruction: 45505954
 314:	49504700 			@ <UNDEFINED> instruction: 49504700
 318:	4f505f4f 			@ <UNDEFINED> instruction: 4f505f4f
 31c:	425f5452 			@ <UNDEFINED> instruction: 425f5452
 320:	535f5449 			@ <UNDEFINED> instruction: 535f5449
 324:	70005445 			@ <UNDEFINED> instruction: 70005445
 328:	35316e69 			@ <UNDEFINED> instruction: 35316e69
 32c:	7365725f 			@ <UNDEFINED> instruction: 7365725f
 330:	47007465 			@ <UNDEFINED> instruction: 47007465
 334:	5f4f4950 			@ <UNDEFINED> instruction: 5f4f4950
 338:	54524f50 			@ <UNDEFINED> instruction: 54524f50
 33c:	54554f5f 			@ <UNDEFINED> instruction: 54554f5f
 340:	5f545550 			@ <UNDEFINED> instruction: 5f545550
 344:	48474948 			@ <UNDEFINED> instruction: 48474948
 348:	49504700 			@ <UNDEFINED> instruction: 49504700
 34c:	4d4d5f4f 			@ <UNDEFINED> instruction: 4d4d5f4f
 350:	445f4f49 			@ <UNDEFINED> instruction: 445f4f49
 354:	5341425f 	movtpl	r4, #4703	@ 0x125f
 358:	50470045 			@ <UNDEFINED> instruction: 50470045
 35c:	505f4f49 			@ <UNDEFINED> instruction: 505f4f49
 360:	5f54524f 			@ <UNDEFINED> instruction: 5f54524f
 364:	5f544942 			@ <UNDEFINED> instruction: 5f544942
 368:	5f544553 			@ <UNDEFINED> instruction: 5f544553
 36c:	415f4f4e 			@ <UNDEFINED> instruction: 415f4f4e
 370:	4f495443 			@ <UNDEFINED> instruction: 4f495443
 374:	6970004e 			@ <UNDEFINED> instruction: 6970004e
 378:	735f336e 			@ <UNDEFINED> instruction: 735f336e
 37c:	6c007465 			@ <UNDEFINED> instruction: 6c007465
 380:	6c657665 			@ <UNDEFINED> instruction: 6c657665
 384:	49504700 			@ <UNDEFINED> instruction: 49504700
 388:	4d4d5f4f 			@ <UNDEFINED> instruction: 4d4d5f4f
 38c:	4c5f4f49 	mrrcmi	15, 4, r4, pc, cr9	@ <UNPREDICTABLE>
 390:	45545445 			@ <UNDEFINED> instruction: 45545445
 394:	49445f52 			@ <UNDEFINED> instruction: 49445f52
 398:	72004646 			@ <UNDEFINED> instruction: 72004646
 39c:	72657365 			@ <UNDEFINED> instruction: 72657365
 3a0:	00646576 			@ <UNDEFINED> instruction: 00646576
 3a4:	6f697067 			@ <UNDEFINED> instruction: 6f697067
 3a8:	725f785f 			@ <UNDEFINED> instruction: 725f785f
 3ac:	73696765 			@ <UNDEFINED> instruction: 73696765
 3b0:	5f726574 			@ <UNDEFINED> instruction: 5f726574
 3b4:	50470074 			@ <UNDEFINED> instruction: 50470074
 3b8:	5f414f49 			@ <UNDEFINED> instruction: 5f414f49
 3bc:	69676552 			@ <UNDEFINED> instruction: 69676552
 3c0:	72657473 			@ <UNDEFINED> instruction: 72657473
 3c4:	6f682f00 			@ <UNDEFINED> instruction: 6f682f00
 3c8:	662f656d 			@ <UNDEFINED> instruction: 662f656d
 3cc:	636e6172 			@ <UNDEFINED> instruction: 636e6172
 3d0:	2f73696f 			@ <UNDEFINED> instruction: 2f73696f
 3d4:	75636f44 			@ <UNDEFINED> instruction: 75636f44
 3d8:	746e656d 			@ <UNDEFINED> instruction: 746e656d
 3dc:	7a7a2f73 			@ <UNDEFINED> instruction: 7a7a2f73
 3e0:	505f5f7a 			@ <UNDEFINED> instruction: 505f5f7a
 3e4:	6f737265 			@ <UNDEFINED> instruction: 6f737265
 3e8:	506c616e 			@ <UNDEFINED> instruction: 506c616e
 3ec:	656a6f72 			@ <UNDEFINED> instruction: 656a6f72
 3f0:	2f737463 			@ <UNDEFINED> instruction: 2f737463
 3f4:	334d5453 	movtcc	r5, #54355	@ 0xd453
 3f8:	54532f32 			@ <UNDEFINED> instruction: 54532f32
 3fc:	72654b4d 			@ <UNDEFINED> instruction: 72654b4d
 400:	2f6c656e 			@ <UNDEFINED> instruction: 2f6c656e
 404:	00637273 			@ <UNDEFINED> instruction: 00637273
 408:	4f495047 			@ <UNDEFINED> instruction: 4f495047
 40c:	524f505f 			@ <UNDEFINED> instruction: 524f505f
 410:	55505f54 			@ <UNDEFINED> instruction: 55505f54
 414:	4d5f4c4c 			@ <UNDEFINED> instruction: 4d5f4c4c
 418:	5f45444f 			@ <UNDEFINED> instruction: 5f45444f
 41c:	4e574f44 			@ <UNDEFINED> instruction: 4e574f44
 420:	49504700 			@ <UNDEFINED> instruction: 49504700
 424:	4f505f4f 			@ <UNDEFINED> instruction: 4f505f4f
 428:	4f5f5452 			@ <UNDEFINED> instruction: 4f5f5452
 42c:	55505455 			@ <UNDEFINED> instruction: 55505455
 430:	59545f54 			@ <UNDEFINED> instruction: 59545f54
 434:	505f4550 			@ <UNDEFINED> instruction: 505f4550
 438:	5f485355 			@ <UNDEFINED> instruction: 5f485355
 43c:	4c4c5550 	mcrrmi	5, 5, r5, ip, cr0
 440:	49504700 			@ <UNDEFINED> instruction: 49504700
 444:	4f505f4f 			@ <UNDEFINED> instruction: 4f505f4f
 448:	4f5f5452 			@ <UNDEFINED> instruction: 4f5f5452
 44c:	55505455 			@ <UNDEFINED> instruction: 55505455
 450:	50535f54 			@ <UNDEFINED> instruction: 50535f54
 454:	5f444545 			@ <UNDEFINED> instruction: 5f444545
 458:	54534146 			@ <UNDEFINED> instruction: 54534146
 45c:	74656c00 			@ <UNDEFINED> instruction: 74656c00
 460:	5f726574 			@ <UNDEFINED> instruction: 5f726574
 464:	65736162 			@ <UNDEFINED> instruction: 65736162
 468:	706e6900 			@ <UNDEFINED> instruction: 706e6900
 46c:	645f7475 			@ <UNDEFINED> instruction: 645f7475
 470:	00617461 			@ <UNDEFINED> instruction: 00617461
 474:	4f495047 			@ <UNDEFINED> instruction: 4f495047
 478:	524f505f 			@ <UNDEFINED> instruction: 524f505f
 47c:	49425f54 			@ <UNDEFINED> instruction: 49425f54
 480:	45535f54 			@ <UNDEFINED> instruction: 45535f54
 484:	45535f54 			@ <UNDEFINED> instruction: 45535f54
 488:	50470054 			@ <UNDEFINED> instruction: 50470054
 48c:	505f4f49 			@ <UNDEFINED> instruction: 505f4f49
 490:	5f54524f 			@ <UNDEFINED> instruction: 5f54524f
 494:	45444f4d 			@ <UNDEFINED> instruction: 45444f4d
 498:	504e495f 			@ <UNDEFINED> instruction: 504e495f
 49c:	73005455 	movwvc	r5, #1109	@ 0x455
 4a0:	74726f68 			@ <UNDEFINED> instruction: 74726f68
 4a4:	736e7520 			@ <UNDEFINED> instruction: 736e7520
 4a8:	656e6769 			@ <UNDEFINED> instruction: 656e6769
 4ac:	6e692064 			@ <UNDEFINED> instruction: 6e692064
 4b0:	50470074 			@ <UNDEFINED> instruction: 50470074
 4b4:	4d5f4f49 			@ <UNDEFINED> instruction: 4d5f4f49
 4b8:	5f4f494d 			@ <UNDEFINED> instruction: 5f4f494d
 4bc:	41425f45 			@ <UNDEFINED> instruction: 41425f45
 4c0:	70004553 			@ <UNDEFINED> instruction: 70004553
 4c4:	5f306e69 			@ <UNDEFINED> instruction: 5f306e69
 4c8:	00746573 			@ <UNDEFINED> instruction: 00746573
 4cc:	74726f70 			@ <UNDEFINED> instruction: 74726f70
 4d0:	646f6d5f 			@ <UNDEFINED> instruction: 646f6d5f
 4d4:	67007365 			@ <UNDEFINED> instruction: 67007365
 4d8:	5f6f6970 			@ <UNDEFINED> instruction: 5f6f6970
 4dc:	75746573 			@ <UNDEFINED> instruction: 75746573
 4e0:	69620070 			@ <UNDEFINED> instruction: 69620070
 4e4:	65735f74 			@ <UNDEFINED> instruction: 65735f74
 4e8:	65725f74 			@ <UNDEFINED> instruction: 65725f74
 4ec:	00746573 			@ <UNDEFINED> instruction: 00746573
 4f0:	386e6970 			@ <UNDEFINED> instruction: 386e6970
 4f4:	7465735f 			@ <UNDEFINED> instruction: 7465735f
 4f8:	49504700 			@ <UNDEFINED> instruction: 49504700
 4fc:	4f505f4f 			@ <UNDEFINED> instruction: 4f505f4f
 500:	505f5452 			@ <UNDEFINED> instruction: 505f5452
 504:	5f4c4c55 			@ <UNDEFINED> instruction: 5f4c4c55
 508:	45444f4d 			@ <UNDEFINED> instruction: 45444f4d
 50c:	0050555f 			@ <UNDEFINED> instruction: 0050555f
 510:	7074756f 			@ <UNDEFINED> instruction: 7074756f
 514:	745f7475 			@ <UNDEFINED> instruction: 745f7475
 518:	00657079 			@ <UNDEFINED> instruction: 00657079
 51c:	70672f2e 			@ <UNDEFINED> instruction: 70672f2e
 520:	672f6f69 			@ <UNDEFINED> instruction: 672f6f69
 524:	2e6f6970 			@ <UNDEFINED> instruction: 2e6f6970
 528:	50470063 			@ <UNDEFINED> instruction: 50470063
 52c:	505f4f49 			@ <UNDEFINED> instruction: 505f4f49
 530:	5f54524f 			@ <UNDEFINED> instruction: 5f54524f
 534:	55504e49 			@ <UNDEFINED> instruction: 55504e49
 538:	4f4c5f54 			@ <UNDEFINED> instruction: 4f4c5f54
 53c:	50470057 			@ <UNDEFINED> instruction: 50470057
 540:	505f4f49 			@ <UNDEFINED> instruction: 505f4f49
 544:	5f54524f 			@ <UNDEFINED> instruction: 5f54524f
 548:	4c4c5550 	mcrrmi	5, 5, r5, ip, cr0
 54c:	444f4d5f 			@ <UNDEFINED> instruction: 444f4d5f
 550:	50470045 			@ <UNDEFINED> instruction: 50470045
 554:	505f4f49 			@ <UNDEFINED> instruction: 505f4f49
 558:	5f54524f 			@ <UNDEFINED> instruction: 5f54524f
 55c:	5454454c 			@ <UNDEFINED> instruction: 5454454c
 560:	415f5245 			@ <UNDEFINED> instruction: 415f5245
 564:	49504700 			@ <UNDEFINED> instruction: 49504700
 568:	4f505f4f 			@ <UNDEFINED> instruction: 4f505f4f
 56c:	4c5f5452 	mrrcmi	4, 5, r5, pc, cr2	@ <UNPREDICTABLE>
 570:	45545445 			@ <UNDEFINED> instruction: 45545445
 574:	00425f52 			@ <UNDEFINED> instruction: 00425f52
 578:	4f495047 			@ <UNDEFINED> instruction: 4f495047
 57c:	524f505f 			@ <UNDEFINED> instruction: 524f505f
 580:	49425f54 			@ <UNDEFINED> instruction: 49425f54
 584:	45525f54 			@ <UNDEFINED> instruction: 45525f54
 588:	5f544553 			@ <UNDEFINED> instruction: 5f544553
 58c:	415f4f4e 			@ <UNDEFINED> instruction: 415f4f4e
 590:	4f495443 			@ <UNDEFINED> instruction: 4f495443
 594:	5047004e 			@ <UNDEFINED> instruction: 5047004e
 598:	505f4f49 			@ <UNDEFINED> instruction: 505f4f49
 59c:	5f54524f 			@ <UNDEFINED> instruction: 5f54524f
 5a0:	5454454c 			@ <UNDEFINED> instruction: 5454454c
 5a4:	445f5245 			@ <UNDEFINED> instruction: 445f5245
 5a8:	49504700 			@ <UNDEFINED> instruction: 49504700
 5ac:	4f505f4f 			@ <UNDEFINED> instruction: 4f505f4f
 5b0:	4c5f5452 	mrrcmi	4, 5, r5, pc, cr2	@ <UNPREDICTABLE>
 5b4:	45545445 			@ <UNDEFINED> instruction: 45545445
 5b8:	00455f52 			@ <UNDEFINED> instruction: 00455f52
 5bc:	4f495047 			@ <UNDEFINED> instruction: 4f495047
 5c0:	524f505f 			@ <UNDEFINED> instruction: 524f505f
 5c4:	454c5f54 			@ <UNDEFINED> instruction: 454c5f54
 5c8:	52455454 			@ <UNDEFINED> instruction: 52455454
 5cc:	4700465f 	smlsdmi	r0, pc, r6, r4	@ <UNPREDICTABLE>
 5d0:	5f4f4950 			@ <UNDEFINED> instruction: 5f4f4950
 5d4:	54524f50 			@ <UNDEFINED> instruction: 54524f50
 5d8:	54454c5f 			@ <UNDEFINED> instruction: 54454c5f
 5dc:	5f524554 			@ <UNDEFINED> instruction: 5f524554
 5e0:	50470047 			@ <UNDEFINED> instruction: 50470047
 5e4:	505f4f49 			@ <UNDEFINED> instruction: 505f4f49
 5e8:	5f54524f 			@ <UNDEFINED> instruction: 5f54524f
 5ec:	5f544942 			@ <UNDEFINED> instruction: 5f544942
 5f0:	5f544553 			@ <UNDEFINED> instruction: 5f544553
 5f4:	45534552 			@ <UNDEFINED> instruction: 45534552
 5f8:	464f5f54 			@ <UNDEFINED> instruction: 464f5f54
 5fc:	54455346 			@ <UNDEFINED> instruction: 54455346
 600:	6e6f6c00 			@ <UNDEFINED> instruction: 6e6f6c00
 604:	6f642067 			@ <UNDEFINED> instruction: 6f642067
 608:	656c6275 			@ <UNDEFINED> instruction: 656c6275
 60c:	6e697000 			@ <UNDEFINED> instruction: 6e697000
 610:	65735f35 			@ <UNDEFINED> instruction: 65735f35
 614:	70670074 			@ <UNDEFINED> instruction: 70670074
 618:	705f6f69 			@ <UNDEFINED> instruction: 705f6f69
 61c:	5f74726f 			@ <UNDEFINED> instruction: 5f74726f
 620:	5f746962 			@ <UNDEFINED> instruction: 5f746962
 624:	5f746573 			@ <UNDEFINED> instruction: 5f746573
 628:	65736572 			@ <UNDEFINED> instruction: 65736572
 62c:	00745f74 			@ <UNDEFINED> instruction: 00745f74
 630:	4f495047 			@ <UNDEFINED> instruction: 4f495047
 634:	524f505f 			@ <UNDEFINED> instruction: 524f505f
 638:	4e495f54 			@ <UNDEFINED> instruction: 4e495f54
 63c:	5f545550 			@ <UNDEFINED> instruction: 5f545550
 640:	41544144 			@ <UNDEFINED> instruction: 41544144
 644:	4444415f 			@ <UNDEFINED> instruction: 4444415f
 648:	53534552 			@ <UNDEFINED> instruction: 53534552
 64c:	46464f5f 			@ <UNDEFINED> instruction: 46464f5f
 650:	00544553 			@ <UNDEFINED> instruction: 00544553
 654:	316e6970 			@ <UNDEFINED> instruction: 316e6970
 658:	7365725f 			@ <UNDEFINED> instruction: 7365725f
 65c:	47007465 			@ <UNDEFINED> instruction: 47007465
 660:	5f4f4950 			@ <UNDEFINED> instruction: 5f4f4950
 664:	54524f50 			@ <UNDEFINED> instruction: 54524f50
 668:	54554f5f 			@ <UNDEFINED> instruction: 54554f5f
 66c:	5f545550 			@ <UNDEFINED> instruction: 5f545550
 670:	00574f4c 			@ <UNDEFINED> instruction: 00574f4c
 674:	5f676572 			@ <UNDEFINED> instruction: 5f676572
 678:	75746573 			@ <UNDEFINED> instruction: 75746573
 67c:	69700070 			@ <UNDEFINED> instruction: 69700070
 680:	725f336e 			@ <UNDEFINED> instruction: 725f336e
 684:	74657365 			@ <UNDEFINED> instruction: 74657365
 688:	6e697000 			@ <UNDEFINED> instruction: 6e697000
 68c:	735f3531 			@ <UNDEFINED> instruction: 735f3531
 690:	47007465 			@ <UNDEFINED> instruction: 47007465
 694:	5f4f4950 			@ <UNDEFINED> instruction: 5f4f4950
 698:	4f494d4d 			@ <UNDEFINED> instruction: 4f494d4d
 69c:	425f415f 			@ <UNDEFINED> instruction: 425f415f
 6a0:	00455341 			@ <UNDEFINED> instruction: 00455341
 6a4:	6c6c7570 			@ <UNDEFINED> instruction: 6c6c7570
 6a8:	646f6d5f 			@ <UNDEFINED> instruction: 646f6d5f
 6ac:	50470065 			@ <UNDEFINED> instruction: 50470065
 6b0:	4d5f4f49 			@ <UNDEFINED> instruction: 4d5f4f49
 6b4:	5f4f494d 			@ <UNDEFINED> instruction: 5f4f494d
 6b8:	52444441 			@ <UNDEFINED> instruction: 52444441
 6bc:	5f535345 			@ <UNDEFINED> instruction: 5f535345
 6c0:	45534142 			@ <UNDEFINED> instruction: 45534142
 6c4:	6e697000 			@ <UNDEFINED> instruction: 6e697000
 6c8:	65725f35 			@ <UNDEFINED> instruction: 65725f35
 6cc:	00746573 			@ <UNDEFINED> instruction: 00746573
 6d0:	4f495047 			@ <UNDEFINED> instruction: 4f495047
 6d4:	524f505f 			@ <UNDEFINED> instruction: 524f505f
 6d8:	55505f54 			@ <UNDEFINED> instruction: 55505f54
 6dc:	4d5f4c4c 			@ <UNDEFINED> instruction: 4d5f4c4c
 6e0:	5f45444f 			@ <UNDEFINED> instruction: 5f45444f
 6e4:	454e4f4e 			@ <UNDEFINED> instruction: 454e4f4e
 6e8:	69706700 			@ <UNDEFINED> instruction: 69706700
 6ec:	6f705f6f 			@ <UNDEFINED> instruction: 6f705f6f
 6f0:	6f5f7472 			@ <UNDEFINED> instruction: 6f5f7472
 6f4:	75707475 			@ <UNDEFINED> instruction: 75707475
 6f8:	61645f74 			@ <UNDEFINED> instruction: 61645f74
 6fc:	745f6174 			@ <UNDEFINED> instruction: 745f6174
 700:	736e7500 			@ <UNDEFINED> instruction: 736e7500
 704:	656e6769 			@ <UNDEFINED> instruction: 656e6769
 708:	68632064 			@ <UNDEFINED> instruction: 68632064
 70c:	70007261 			@ <UNDEFINED> instruction: 70007261
 710:	5f376e69 			@ <UNDEFINED> instruction: 5f376e69
 714:	65736572 			@ <UNDEFINED> instruction: 65736572
 718:	69700074 			@ <UNDEFINED> instruction: 69700074
 71c:	735f326e 			@ <UNDEFINED> instruction: 735f326e
 720:	47007465 			@ <UNDEFINED> instruction: 47007465
 724:	5f4f4950 			@ <UNDEFINED> instruction: 5f4f4950
 728:	54524f50 			@ <UNDEFINED> instruction: 54524f50
 72c:	504e495f 			@ <UNDEFINED> instruction: 504e495f
 730:	445f5455 			@ <UNDEFINED> instruction: 445f5455
 734:	00415441 			@ <UNDEFINED> instruction: 00415441
 738:	316e6970 			@ <UNDEFINED> instruction: 316e6970
 73c:	65725f30 			@ <UNDEFINED> instruction: 65725f30
 740:	00746573 			@ <UNDEFINED> instruction: 00746573
 744:	7074756f 			@ <UNDEFINED> instruction: 7074756f
 748:	645f7475 			@ <UNDEFINED> instruction: 645f7475
 74c:	00617461 			@ <UNDEFINED> instruction: 00617461
 750:	726f6873 			@ <UNDEFINED> instruction: 726f6873
 754:	6e692074 			@ <UNDEFINED> instruction: 6e692074
 758:	69700074 			@ <UNDEFINED> instruction: 69700074
 75c:	725f396e 			@ <UNDEFINED> instruction: 725f396e
 760:	74657365 			@ <UNDEFINED> instruction: 74657365
 764:	6e697000 			@ <UNDEFINED> instruction: 6e697000
 768:	725f3231 			@ <UNDEFINED> instruction: 725f3231
 76c:	74657365 			@ <UNDEFINED> instruction: 74657365
 770:	49504700 			@ <UNDEFINED> instruction: 49504700
 774:	4f505f4f 			@ <UNDEFINED> instruction: 4f505f4f
 778:	4d5f5452 			@ <UNDEFINED> instruction: 4d5f5452
 77c:	5f45444f 			@ <UNDEFINED> instruction: 5f45444f
 780:	45544c41 			@ <UNDEFINED> instruction: 45544c41
 784:	54414e52 			@ <UNDEFINED> instruction: 54414e52
 788:	55465f45 			@ <UNDEFINED> instruction: 55465f45
 78c:	4954434e 			@ <UNDEFINED> instruction: 4954434e
 790:	70004e4f 			@ <UNDEFINED> instruction: 70004e4f
 794:	32316e69 			@ <UNDEFINED> instruction: 32316e69
 798:	7465735f 			@ <UNDEFINED> instruction: 7465735f
 79c:	6e697000 			@ <UNDEFINED> instruction: 6e697000
 7a0:	725f3431 			@ <UNDEFINED> instruction: 725f3431
 7a4:	74657365 			@ <UNDEFINED> instruction: 74657365
 7a8:	49504700 			@ <UNDEFINED> instruction: 49504700
 7ac:	4d4d5f4f 			@ <UNDEFINED> instruction: 4d4d5f4f
 7b0:	425f4f49 			@ <UNDEFINED> instruction: 425f4f49
 7b4:	5341425f 	movtpl	r4, #4703	@ 0x125f
 7b8:	50470045 			@ <UNDEFINED> instruction: 50470045
 7bc:	505f4f49 			@ <UNDEFINED> instruction: 505f4f49
 7c0:	5f54524f 			@ <UNDEFINED> instruction: 5f54524f
 7c4:	45444f4d 			@ <UNDEFINED> instruction: 45444f4d
 7c8:	414e415f 			@ <UNDEFINED> instruction: 414e415f
 7cc:	5f474f4c 			@ <UNDEFINED> instruction: 5f474f4c
 7d0:	45444f4d 			@ <UNDEFINED> instruction: 45444f4d
 7d4:	6e697000 			@ <UNDEFINED> instruction: 6e697000
 7d8:	69700030 			@ <UNDEFINED> instruction: 69700030
 7dc:	7500316e 			@ <UNDEFINED> instruction: 7500316e
 7e0:	33746e69 			@ <UNDEFINED> instruction: 33746e69
 7e4:	00745f32 			@ <UNDEFINED> instruction: 00745f32
 7e8:	336e6970 			@ <UNDEFINED> instruction: 336e6970
 7ec:	6e697000 			@ <UNDEFINED> instruction: 6e697000
 7f0:	69700034 			@ <UNDEFINED> instruction: 69700034
 7f4:	7000356e 			@ <UNDEFINED> instruction: 7000356e
 7f8:	00366e69 			@ <UNDEFINED> instruction: 00366e69
 7fc:	376e6970 			@ <UNDEFINED> instruction: 376e6970
 800:	6e697000 			@ <UNDEFINED> instruction: 6e697000
 804:	69700038 			@ <UNDEFINED> instruction: 69700038
 808:	4700396e 			@ <UNDEFINED> instruction: 4700396e
 80c:	5f4f4950 			@ <UNDEFINED> instruction: 5f4f4950
 810:	54524f50 			@ <UNDEFINED> instruction: 54524f50
 814:	54454c5f 			@ <UNDEFINED> instruction: 54454c5f
 818:	5f524554 			@ <UNDEFINED> instruction: 5f524554
 81c:	65720043 			@ <UNDEFINED> instruction: 65720043
 820:	65735f67 			@ <UNDEFINED> instruction: 65735f67
 824:	32707574 			@ <UNDEFINED> instruction: 32707574
 828:	49504700 			@ <UNDEFINED> instruction: 49504700
 82c:	4f505f4f 			@ <UNDEFINED> instruction: 4f505f4f
 830:	4f5f5452 			@ <UNDEFINED> instruction: 4f5f5452
 834:	55505455 			@ <UNDEFINED> instruction: 55505455
 838:	50535f54 			@ <UNDEFINED> instruction: 50535f54
 83c:	5f444545 			@ <UNDEFINED> instruction: 5f444545
 840:	00574f4c 			@ <UNDEFINED> instruction: 00574f4c
 844:	7074756f 			@ <UNDEFINED> instruction: 7074756f
 848:	735f7475 			@ <UNDEFINED> instruction: 735f7475
 84c:	64656570 			@ <UNDEFINED> instruction: 64656570
 850:	74656c00 			@ <UNDEFINED> instruction: 74656c00
 854:	00726574 			@ <UNDEFINED> instruction: 00726574
 858:	376e6970 			@ <UNDEFINED> instruction: 376e6970
 85c:	7465735f 			@ <UNDEFINED> instruction: 7465735f
 860:	49504700 			@ <UNDEFINED> instruction: 49504700
 864:	525f444f 			@ <UNDEFINED> instruction: 525f444f
 868:	73696765 			@ <UNDEFINED> instruction: 73696765
 86c:	00726574 			@ <UNDEFINED> instruction: 00726574
 870:	4f495047 			@ <UNDEFINED> instruction: 4f495047
 874:	494d4d5f 			@ <UNDEFINED> instruction: 494d4d5f
 878:	5f465f4f 			@ <UNDEFINED> instruction: 5f465f4f
 87c:	45534142 			@ <UNDEFINED> instruction: 45534142
 880:	49504700 			@ <UNDEFINED> instruction: 49504700
 884:	4f505f4f 			@ <UNDEFINED> instruction: 4f505f4f
 888:	4f5f5452 			@ <UNDEFINED> instruction: 4f5f5452
 88c:	55505455 			@ <UNDEFINED> instruction: 55505455
 890:	41445f54 			@ <UNDEFINED> instruction: 41445f54
 894:	47004154 	smlsdmi	r0, r4, r1, r4
 898:	5f4f4950 			@ <UNDEFINED> instruction: 5f4f4950
 89c:	54524f50 			@ <UNDEFINED> instruction: 54524f50
 8a0:	54554f5f 			@ <UNDEFINED> instruction: 54554f5f
 8a4:	5f545550 			@ <UNDEFINED> instruction: 5f545550
 8a8:	45455053 			@ <UNDEFINED> instruction: 45455053
 8ac:	454d5f44 			@ <UNDEFINED> instruction: 454d5f44
 8b0:	4d554944 			@ <UNDEFINED> instruction: 4d554944
 8b4:	69706700 			@ <UNDEFINED> instruction: 69706700
 8b8:	72775f6f 			@ <UNDEFINED> instruction: 72775f6f
 8bc:	00657469 			@ <UNDEFINED> instruction: 00657469
 8c0:	4f495047 			@ <UNDEFINED> instruction: 4f495047
 8c4:	524f505f 			@ <UNDEFINED> instruction: 524f505f
 8c8:	554f5f54 			@ <UNDEFINED> instruction: 554f5f54
 8cc:	54555054 			@ <UNDEFINED> instruction: 54555054
 8d0:	4550535f 			@ <UNDEFINED> instruction: 4550535f
 8d4:	70004445 			@ <UNDEFINED> instruction: 70004445
 8d8:	30316e69 			@ <UNDEFINED> instruction: 30316e69
 8dc:	7465735f 			@ <UNDEFINED> instruction: 7465735f
 8e0:	6e697500 			@ <UNDEFINED> instruction: 6e697500
 8e4:	745f3874 			@ <UNDEFINED> instruction: 745f3874
 8e8:	49504700 			@ <UNDEFINED> instruction: 49504700
 8ec:	4f505f4f 			@ <UNDEFINED> instruction: 4f505f4f
 8f0:	4d5f5452 			@ <UNDEFINED> instruction: 4d5f5452
 8f4:	5f45444f 			@ <UNDEFINED> instruction: 5f45444f
 8f8:	5054554f 			@ <UNDEFINED> instruction: 5054554f
 8fc:	70005455 			@ <UNDEFINED> instruction: 70005455
 900:	5f346e69 			@ <UNDEFINED> instruction: 5f346e69
 904:	00746573 			@ <UNDEFINED> instruction: 00746573
 908:	4f495047 			@ <UNDEFINED> instruction: 4f495047
 90c:	524f505f 			@ <UNDEFINED> instruction: 524f505f
 910:	554f5f54 			@ <UNDEFINED> instruction: 554f5f54
 914:	54555054 			@ <UNDEFINED> instruction: 54555054
 918:	4550535f 			@ <UNDEFINED> instruction: 4550535f
 91c:	415f4445 			@ <UNDEFINED> instruction: 415f4445
 920:	45524444 			@ <UNDEFINED> instruction: 45524444
 924:	4f5f5353 			@ <UNDEFINED> instruction: 4f5f5353
 928:	45534646 			@ <UNDEFINED> instruction: 45534646
 92c:	70670054 			@ <UNDEFINED> instruction: 70670054
 930:	67006f69 			@ <UNDEFINED> instruction: 67006f69
 934:	5f6f6970 			@ <UNDEFINED> instruction: 5f6f6970
 938:	74726f70 			@ <UNDEFINED> instruction: 74726f70
 93c:	6c75705f 			@ <UNDEFINED> instruction: 6c75705f
 940:	6f6d5f6c 			@ <UNDEFINED> instruction: 6f6d5f6c
 944:	745f6564 			@ <UNDEFINED> instruction: 745f6564
 948:	49504700 			@ <UNDEFINED> instruction: 49504700
 94c:	4d4d5f4f 			@ <UNDEFINED> instruction: 4d4d5f4f
 950:	475f4f49 			@ <UNDEFINED> instruction: 475f4f49
 954:	5341425f 	movtpl	r4, #4703	@ 0x125f
 958:	69700045 			@ <UNDEFINED> instruction: 69700045
 95c:	0030316e 			@ <UNDEFINED> instruction: 0030316e
 960:	316e6970 			@ <UNDEFINED> instruction: 316e6970
 964:	69700031 			@ <UNDEFINED> instruction: 69700031
 968:	0032316e 			@ <UNDEFINED> instruction: 0032316e
 96c:	316e6970 			@ <UNDEFINED> instruction: 316e6970
 970:	69700033 			@ <UNDEFINED> instruction: 69700033
 974:	0034316e 			@ <UNDEFINED> instruction: 0034316e
 978:	4f495047 			@ <UNDEFINED> instruction: 4f495047
 97c:	524f505f 			@ <UNDEFINED> instruction: 524f505f
 980:	4f4d5f54 			@ <UNDEFINED> instruction: 4f4d5f54
 984:	47004544 			@ <UNDEFINED> instruction: 47004544
 988:	5f4f4950 			@ <UNDEFINED> instruction: 5f4f4950
 98c:	54524f50 			@ <UNDEFINED> instruction: 54524f50
 990:	5449425f 			@ <UNDEFINED> instruction: 5449425f
 994:	5345525f 	movtpl	r5, #21087	@ 0x525f
 998:	525f5445 			@ <UNDEFINED> instruction: 525f5445
 99c:	54455345 			@ <UNDEFINED> instruction: 54455345
 9a0:	726f7000 			@ <UNDEFINED> instruction: 726f7000
 9a4:	69625f74 			@ <UNDEFINED> instruction: 69625f74
 9a8:	65735f74 			@ <UNDEFINED> instruction: 65735f74
 9ac:	65725f74 			@ <UNDEFINED> instruction: 65725f74
 9b0:	73746573 			@ <UNDEFINED> instruction: 73746573
 9b4:	6e697000 			@ <UNDEFINED> instruction: 6e697000
 9b8:	735f3431 			@ <UNDEFINED> instruction: 735f3431
 9bc:	70007465 			@ <UNDEFINED> instruction: 70007465
 9c0:	5f326e69 			@ <UNDEFINED> instruction: 5f326e69
 9c4:	65736572 			@ <UNDEFINED> instruction: 65736572
 9c8:	5f5f0074 			@ <UNDEFINED> instruction: 5f5f0074
 9cc:	62616561 			@ <UNDEFINED> instruction: 62616561
 9d0:	6d665f69 			@ <UNDEFINED> instruction: 6d665f69
 9d4:	77006c75 	smlsdxvc	r0, r5, ip, r6
 9d8:	5f746961 			@ <UNDEFINED> instruction: 5f746961
 9dc:	6f636573 			@ <UNDEFINED> instruction: 6f636573
 9e0:	0073646e 			@ <UNDEFINED> instruction: 0073646e
 9e4:	65615f5f 			@ <UNDEFINED> instruction: 65615f5f
 9e8:	5f696261 			@ <UNDEFINED> instruction: 5f696261
 9ec:	69753266 			@ <UNDEFINED> instruction: 69753266
 9f0:	7963007a 			@ <UNDEFINED> instruction: 7963007a
 9f4:	73656c63 			@ <UNDEFINED> instruction: 73656c63
 9f8:	69616d00 			@ <UNDEFINED> instruction: 69616d00
 9fc:	6c66006e 			@ <UNDEFINED> instruction: 6c66006e
 a00:	0074616f 			@ <UNDEFINED> instruction: 0074616f
 a04:	6e72656b 			@ <UNDEFINED> instruction: 6e72656b
 a08:	6d2f6c65 			@ <UNDEFINED> instruction: 6d2f6c65
 a0c:	2e6e6961 			@ <UNDEFINED> instruction: 2e6e6961
 a10:	6f630063 			@ <UNDEFINED> instruction: 6f630063
 a14:	65746e75 			@ <UNDEFINED> instruction: 65746e75
 a18:	74730072 			@ <UNDEFINED> instruction: 74730072
 a1c:	5f747261 			@ <UNDEFINED> instruction: 5f747261
 a20:	6c5f666f 	mrrcvs	6, 6, r6, pc, cr15	@ <UNPREDICTABLE>
 a24:	00706f6f 			@ <UNDEFINED> instruction: 00706f6f
 a28:	745f6e69 			@ <UNDEFINED> instruction: 745f6e69
 a2c:	6c5f6568 	mrrcvs	5, 6, r6, pc, cr8	@ <UNPREDICTABLE>
 a30:	00706f6f 			@ <UNDEFINED> instruction: 00706f6f
 a34:	6e72656b 			@ <UNDEFINED> instruction: 6e72656b
 a38:	732f6c65 			@ <UNDEFINED> instruction: 732f6c65
 a3c:	74726174 			@ <UNDEFINED> instruction: 74726174
 a40:	732e7075 			@ <UNDEFINED> instruction: 732e7075
 a44:	554e4700 			@ <UNDEFINED> instruction: 554e4700
 a48:	20534120 			@ <UNDEFINED> instruction: 20534120
 a4c:	37342e32 			@ <UNDEFINED> instruction: 37342e32
	...

Disassembly of section .comment:

00000000 <.comment>:
   0:	3a434347 			@ <UNDEFINED> instruction: 3a434347
   4:	72412820 			@ <UNDEFINED> instruction: 72412820
   8:	52206863 			@ <UNDEFINED> instruction: 52206863
   c:	736f7065 			@ <UNDEFINED> instruction: 736f7065
  10:	726f7469 			@ <UNDEFINED> instruction: 726f7469
  14:	31202979 			@ <UNDEFINED> instruction: 31202979
  18:	2e312e36 			@ <UNDEFINED> instruction: 2e312e36
  1c:	Address 0x1c is out of bounds.


Disassembly of section .ARM.attributes:

00000000 <.ARM.attributes>:
   0:	00002f41 			@ <UNDEFINED> instruction: 00002f41
   4:	61656100 			@ <UNDEFINED> instruction: 61656100
   8:	01006962 			@ <UNDEFINED> instruction: 01006962
   c:	00000025 			@ <UNDEFINED> instruction: 00000025
  10:	2d453705 			@ <UNDEFINED> instruction: 2d453705
  14:	0d06004d 			@ <UNDEFINED> instruction: 0d06004d
  18:	02094d07 			@ <UNDEFINED> instruction: 02094d07
  1c:	0412060a 			@ <UNDEFINED> instruction: 0412060a
  20:	01150114 			@ <UNDEFINED> instruction: 01150114
  24:	01180317 			@ <UNDEFINED> instruction: 01180317
  28:	011b011a 			@ <UNDEFINED> instruction: 011b011a
  2c:	0122021e 			@ <UNDEFINED> instruction: 0122021e

Disassembly of section .debug_frame:

00000000 <.debug_frame>:
   0:	0000000c 			@ <UNDEFINED> instruction: 0000000c
   4:	ffffffff 			@ <UNDEFINED> instruction: ffffffff
   8:	7c020001 			@ <UNDEFINED> instruction: 7c020001
   c:	000d0c0e 			@ <UNDEFINED> instruction: 000d0c0e
  10:	0000000c 			@ <UNDEFINED> instruction: 0000000c
  14:	00000000 			@ <UNDEFINED> instruction: 00000000
  18:	08000008 			@ <UNDEFINED> instruction: 08000008
  1c:	00000020 			@ <UNDEFINED> instruction: 00000020
  20:	0000000c 			@ <UNDEFINED> instruction: 0000000c
  24:	00000000 			@ <UNDEFINED> instruction: 00000000
  28:	08000028 			@ <UNDEFINED> instruction: 08000028
  2c:	0000001c 			@ <UNDEFINED> instruction: 0000001c
  30:	0000000c 			@ <UNDEFINED> instruction: 0000000c
  34:	00000000 			@ <UNDEFINED> instruction: 00000000
  38:	08000044 			@ <UNDEFINED> instruction: 08000044
  3c:	00000014 			@ <UNDEFINED> instruction: 00000014
  40:	0000000c 			@ <UNDEFINED> instruction: 0000000c
  44:	00000000 			@ <UNDEFINED> instruction: 00000000
  48:	08000058 			@ <UNDEFINED> instruction: 08000058
  4c:	00000014 			@ <UNDEFINED> instruction: 00000014
  50:	0000000c 			@ <UNDEFINED> instruction: 0000000c
  54:	00000000 			@ <UNDEFINED> instruction: 00000000
  58:	0800006c 			@ <UNDEFINED> instruction: 0800006c
  5c:	00000020 			@ <UNDEFINED> instruction: 00000020
  60:	0000000c 			@ <UNDEFINED> instruction: 0000000c
  64:	ffffffff 			@ <UNDEFINED> instruction: ffffffff
  68:	7c020001 			@ <UNDEFINED> instruction: 7c020001
  6c:	000d0c0e 			@ <UNDEFINED> instruction: 000d0c0e
  70:	00000014 			@ <UNDEFINED> instruction: 00000014
  74:	00000060 			@ <UNDEFINED> instruction: 00000060
  78:	00000000 			@ <UNDEFINED> instruction: 00000000
  7c:	0000001c 			@ <UNDEFINED> instruction: 0000001c
  80:	83080e41 	movwhi	r0, #36417	@ 0x8e41
  84:	00018e02 			@ <UNDEFINED> instruction: 00018e02
  88:	0000000c 			@ <UNDEFINED> instruction: 0000000c
  8c:	00000060 			@ <UNDEFINED> instruction: 00000060
  90:	00000000 			@ <UNDEFINED> instruction: 00000000
  94:	00000002 			@ <UNDEFINED> instruction: 00000002
  98:	0000000c 			@ <UNDEFINED> instruction: 0000000c
  9c:	00000060 			@ <UNDEFINED> instruction: 00000060
  a0:	00000000 			@ <UNDEFINED> instruction: 00000000
  a4:	00000004 			@ <UNDEFINED> instruction: 00000004
  a8:	00000014 			@ <UNDEFINED> instruction: 00000014
  ac:	00000060 			@ <UNDEFINED> instruction: 00000060
  b0:	0800008c 			@ <UNDEFINED> instruction: 0800008c
  b4:	00000050 			@ <UNDEFINED> instruction: 00000050
  b8:	83080e42 	movwhi	r0, #36418	@ 0x8e42
  bc:	00018e02 			@ <UNDEFINED> instruction: 00018e02

Disassembly of section .debug_rnglists:

00000000 <.debug_rnglists>:
   0:	0000002d 			@ <UNDEFINED> instruction: 0000002d
   4:	00040005 			@ <UNDEFINED> instruction: 00040005
   8:	00000000 			@ <UNDEFINED> instruction: 00000000
   c:	0000b805 			@ <UNDEFINED> instruction: 0000b805
  10:	00000408 			@ <UNDEFINED> instruction: 00000408
  14:	00080204 			@ <UNDEFINED> instruction: 00080204
  18:	0000ca05 			@ <UNDEFINED> instruction: 0000ca05
  1c:	00000408 			@ <UNDEFINED> instruction: 00000408
  20:	00120204 			@ <UNDEFINED> instruction: 00120204
  24:	00000007 			@ <UNDEFINED> instruction: 00000007
  28:	8c072400 			@ <UNDEFINED> instruction: 8c072400
  2c:	50080000 			@ <UNDEFINED> instruction: 50080000
	...

Disassembly of section .debug_line_str:

00000000 <.debug_line_str>:
   0:	6d6f682f 			@ <UNDEFINED> instruction: 6d6f682f
   4:	72662f65 			@ <UNDEFINED> instruction: 72662f65
   8:	6f636e61 			@ <UNDEFINED> instruction: 6f636e61
   c:	442f7369 			@ <UNDEFINED> instruction: 442f7369
  10:	6d75636f 			@ <UNDEFINED> instruction: 6d75636f
  14:	73746e65 			@ <UNDEFINED> instruction: 73746e65
  18:	7a7a7a2f 			@ <UNDEFINED> instruction: 7a7a7a2f
  1c:	65505f5f 			@ <UNDEFINED> instruction: 65505f5f
  20:	6e6f7372 			@ <UNDEFINED> instruction: 6e6f7372
  24:	72506c61 			@ <UNDEFINED> instruction: 72506c61
  28:	63656a6f 			@ <UNDEFINED> instruction: 63656a6f
  2c:	532f7374 			@ <UNDEFINED> instruction: 532f7374
  30:	32334d54 			@ <UNDEFINED> instruction: 32334d54
  34:	4d54532f 			@ <UNDEFINED> instruction: 4d54532f
  38:	6e72654b 			@ <UNDEFINED> instruction: 6e72654b
  3c:	732f6c65 			@ <UNDEFINED> instruction: 732f6c65
  40:	6b006372 			@ <UNDEFINED> instruction: 6b006372
  44:	656e7265 			@ <UNDEFINED> instruction: 656e7265
  48:	7473006c 			@ <UNDEFINED> instruction: 7473006c
  4c:	75747261 			@ <UNDEFINED> instruction: 75747261
  50:	00732e70 			@ <UNDEFINED> instruction: 00732e70
